ID	POS	REF	ALT	AFR_ac	AFR_tc
rs562864894	206767538	C	T	0	1510
rs555016588	206767542	T	C	1	1510
rs117106652	206767601	A	T	0	1510
rs41432052	206767663	A	G	1	1510
rs41432052	206767663	A	C	1	1510
rs575320961	206767666	G	A	0	1510
rs3024499	206767684	T	C	22	1510
rs911652710	206767699	T	C	0	1510
rs1295041497	206767725	A	ATTTATT	0	1508
rs563939146	206767755	A	T	0	1510
rs577489766	206767763	T	G	0	1510
.	206767823	G	A	0	1510
rs6687786	206767875	G	A	113	1510
rs560076279	206767876	C	T	0	1510
.	206767876	C	A	0	1510
rs528755040	206767878	C	T	14	1510
rs548565659	206767879	G	A	1	1510
rs561904879	206767890	C	T	14	1510
rs374338753	206767896	A	T	3	1510
.	206767902	G	GTAT	0	1510
rs1404369905	206767926	C	T	0	1510
rs560237614	206767937	C	T	3	1508
.	206768020	G	GCGCC	0	1510
rs550777040	206768022	G	A	0	1510
rs570361233	206768025	C	T	0	1510
rs888877216	206768026	G	A	1	1510
rs539240685	206768117	T	C	0	1510
rs6697497	206768118	C	T	111	1510
rs571163057	206768119	C	T	2	1510
.	206768125	A	T	0	1510
rs187809496	206768158	C	T	0	1510
rs3024498	206768184	T	C	151	1510
rs575113742	206768189	G	A	2	1510
rs1572537420	206768222	T	A	2	1510
rs192339923	206768234	C	G	0	1510
rs184501501	206768263	G	A	0	1510
rs1572537467	206768287	T	A	0	1510
rs3024510	206768291	T	A	0	1510
.	206768295	C	T	0	1510
rs1344327315	206768298	C	T	0	1502
rs879326436	206768301	A	G	0	1502
rs9282739	206768308	AT	A	136	1508
.	206768308	A	AT	0	1510
.	206768315	T	A	0	1510
rs546429481	206768321	C	G	1	1510
rs368980024	206768361	CA	C	1	1510
rs377219184	206768416	GA	G	1	1508
rs3024497	206768445	T	C	16	1510
rs573600925	206768450	C	T	0	1510
rs564663343	206768457	A	C	2	1510
rs542122467	206768503	G	A	0	1510
rs3024496	206768519	A	G	606	1510
rs550499096	206768530	A	C	2	1510
rs551095470	206768549	C	A	1	1510
rs564250212	206768583	T	G	1	1510
rs5743628	206768600	A	G	0	1510
rs769386058	206768604	C	G	0	1510
rs184443461	206768605	C	T	0	1510
rs566298748	206768614	A	G	0	1510
rs45588933	206768621	C	G	0	1510
rs372713507	206768630	G	C	1	1510
rs201661909	206768634	T	C	0	1510
rs568879359	206768666	T	G	2	1508
.	206768684	G	A	0	1510
rs537430561	206768771	G	C	0	1510
rs568651896	206768824	G	A	1	1510
rs116095092	206768830	G	A	0	1510
rs45587633	206768842	C	T	0	1510
.	206768864	A	G	0	1510
rs45553632	206768872	G	A	0	1510
rs553618518	206768894	C	T	0	1510
rs45611331	206768899	C	T	0	1510
rs45611331	206768899	C	G	0	1510
rs79782619	206768910	A	G	1	1510
rs757029841	206768923	C	T	0	1510
rs371798099	206768941	G	A	0	1510
rs754838158	206769001	C	T	0	1510
rs575853731	206769002	G	A	0	1510
rs984012201	206769004	A	G	2	1510
rs544287270	206769053	G	T	0	1510
rs3024495	206769068	C	T	22	1510
rs45483192	206769089	C	A	0	1510
rs540316331	206769110	C	T	0	1510
rs559941631	206769142	C	T	0	1510
rs113514099	206769170	C	G	1	1510
rs529073329	206769260	G	A	0	1510
.	206769267	C	T	0	1510
rs189330606	206769288	C	T	10	1510
rs1202204096	206769295	G	A	0	1510
rs569063013	206769350	C	T	0	1510
.	206769360	C	A	0	1510
rs111408517	206769371	T	G	2	1510
.	206769422	T	G	0	1510
.	206769428	C	T	0	1510
rs180814796	206769460	C	G	0	1510
.	206769473	C	A	0	1510
rs769400169	206769485	G	A	0	1510
rs186372424	206769573	C	T	1	1510
rs956449092	206769574	G	A	0	1510
rs376366616	206769589	C	A	4	1510
rs551418281	206769603	C	T	0	1510
.	206769678	G	GA	0	1510
.	206769698	C	A	0	1510
rs571227477	206769736	C	T	0	1510
.	206769763	C	CTTTGGGG	0	1510
rs5743627	206769771	T	C	0	1510
rs139075401	206769793	G	T	0	1510
rs3024509	206769952	A	G	7	1510
rs181663677	206769957	G	A	0	1510
rs555882673	206769971	G	T	0	1510
rs575873427	206769973	C	G	2	1510
rs1572538471	206769975	T	A	0	1510
rs78082264	206769976	C	A	29	1510
rs3024494	206770006	T	C	1378	1510
rs3024508	206770065	A	C	2	1510
rs185700425	206770079	C	T	0	1510
rs56190222	206770105	A	G	0	1510
rs369896092	206770135	C	T	0	1510
rs542458008	206770160	G	A	1	1510
rs562675615	206770172	G	A	1	1510
rs879852486	206770172	GAGGCA	G	0	1510
rs879517238	206770177	A	ATCCTT	0	1510
.	206770216	C	T	0	1510
rs190113461	206770224	C	T	0	1510
.	206770265	G	T	0	1510
rs536320431	206770316	C	T	0	1510
rs1878672	206770368	G	C	409	1510
rs931121407	206770380	A	G	0	1510
rs1217518557	206770397	A	T	0	1510
rs569420470	206770409	T	C	0	1510
rs538177424	206770420	A	C	0	1510
.	206770444	C	G	0	1510
.	206770511	C	G	0	1510
rs967469305	206770550	T	A	0	1510
rs3024493	206770623	C	A	21	1510
rs1207437194	206770648	T	C	0	1510
rs183156478	206770659	C	T	1	1508
rs187648997	206770705	A	G	0	1508
rs187648997	206770705	A	T	0	1508
rs3024507	206770732	C	T	4	1510
rs574072199	206770746	G	C	0	1510
rs3024492	206770767	T	A	16	1510
rs562575549	206770769	C	T	2	1510
rs1262179470	206770825	G	A	0	1510
rs1554286	206770888	A	G	864	1510
rs200235675	206770894	A	T	1	1510
rs201365412	206770914	C	T	0	1510
rs5743626	206770940	G	A	1	1510
rs547437506	206770961	A	G	1	1510
rs560908141	206770964	C	T	1	1510
rs762750138	206771036	C	A	0	1510
rs139352858	206771057	A	G	3	1510
rs549828182	206771066	G	T	1	1510
rs569399482	206771095	C	T	0	1510
rs538037506	206771117	C	A	1	1510
rs752079099	206771154	C	T	0	1510
rs551516761	206771160	T	C	2	1510
rs571608526	206771180	C	T	0	1510
rs534191384	206771259	C	T	0	1510
rs148703263	206771272	C	A	0	1510
rs370491306	206771282	T	C	0	1510
rs1188251895	206771295	CAG	C	0	1510
rs1518111	206771300	T	C	860	1510
rs3024506	206771314	A	G	0	1510
rs376490444	206771338	C	T	2	1510
rs545228684	206771366	T	C	0	1510
rs200783164	206771370	G	T	0	1510
rs191140520	206771430	A	G	0	1510
.	206771431	A	G	0	1510
rs113681733	206771440	G	T	1	1510
rs74477346	206771460	T	C	61	1510
rs796741475	206771500	AT	A	1	1498
rs796741475	206771500	A	AT	1	1498
.	206771508	T	G	0	1510
rs369837271	206771511	T	A	3	1510
rs1518110	206771516	A	C	860	1510
rs549649349	206771537	A	C	1	1510
rs563404627	206771572	A	G	0	1510
rs1572539555	206771599	G	T	0	1510
rs532028817	206771606	C	T	0	1510
rs3021094	206771607	T	G	7	1510
rs571473549	206771670	A	G	0	1510
rs373403621	206771676	G	A	1	1510
rs147839909	206771686	C	T	1	1510
rs3024491	206771701	C	A	413	1510
rs567598552	206771702	G	A	0	1510
rs917417176	206771731	C	T	0	1510
rs536659494	206771732	G	C	0	1510
rs556239663	206771748	C	T	0	1510
rs570186303	206771786	A	G	0	1510
rs139686222	206771789	C	A	0	1510
rs3790622	206771818	G	A	0	1510
rs572250129	206771831	C	T	0	1510
rs541015585	206771840	C	T	0	1510
rs182562553	206771843	G	A	6	1510
rs574602524	206771897	G	A	0	1510
rs45499395	206771930	G	A	0	1510
rs562913118	206771949	T	G	1	1508
rs140487354	206771958	AAT	A	79	1510
rs3024490	206771966	A	C	857	1510
.	206771989	T	C	0	1510
rs545476997	206772007	C	A	0	1510
rs2222202	206772036	G	A	413	1510
rs1051048912	206772041	C	T	0	1510
rs151283261	206772042	G	A	0	1510
rs547815096	206772062	G	T	0	1510
rs1022560735	206772066	C	T	0	1510
rs371225550	206772182	C	T	4	1510
rs530302888	206772263	A	G	0	1510
rs550164520	206772302	C	T	0	1510
rs141219090	206772378	G	A	4	1510
rs139073251	206772380	C	T	2	1510
rs145922845	206772393	C	T	0	1510
rs140486772	206772430	G	A	0	1510
rs554418772	206772499	C	G	1	1510
rs188056661	206772524	A	G	0	1510
rs543315126	206772534	C	T	1	1510
rs556572893	206772558	A	G	0	1510
rs1166455062	206772562	C	A	0	1510
rs555793908	206772579	C	T	1	1510
rs966454903	206772580	G	A	0	1510
rs148587843	206772588	AT	A	0	1510
rs576408385	206772623	C	G	3	1510
rs545539431	206772754	A	G	0	1510
rs559012700	206772768	G	A	0	1510
rs5743625	206772770	G	A	0	1510
.	206772771	G	A	0	1510
rs541633893	206772774	A	G	0	1510
rs995525290	206772790	G	A	0	1510
.	206772804	C	T	0	1510
rs145184128	206772813	C	G	1	1510
rs962942737	206772820	G	A	0	1510
rs530459738	206772834	C	G	1	1510
rs1282193572	206772842	C	T	0	1510
rs1572540455	206772874	G	A	1	1510
rs3024489	206772899	C	A	79	1510
.	206772919	A	G	0	1510
rs3024488	206773002	T	C	2	1510
rs1454979310	206773009	A	AT	1	1510
rs917759130	206773010	A	G	1	1510
rs1800872	206773062	T	G	857	1510
rs56299498	206773068	C	T	6	1510
rs552289053	206773069	G	A	1	1510
rs372331832	206773124	G	T	0	1510
rs1800895	206773127	C	T	1	1510
rs1800871	206773289	A	G	857	1510
.	206773294	A	G	0	1510
rs1800894	206773321	C	T	6	1510
.	206773354	C	T	0	1510
.	206773388	T	A	0	1510
rs184553063	206773394	G	T	0	1510
.	206773411	T	C	0	1510
rs556833728	206773430	C	T	0	1510
rs576469379	206773484	G	T	0	1510
rs539054546	206773515	G	T	0	1510
rs552524035	206773538	A	G	1	1498
rs1800896	206773552	T	C	492	1508
rs997523526	206773560	G	A	0	1506
rs1283130221	206773584	ATT	A	0	1088
rs71570037	206773586	T	TTGTG	124	1500
rs780046311	206773586	T	TTGTGTG	102	1500
rs553921764	206773586	TTG	T	405	1500
rs755754197	206773586	TTGTG	T	66	1500
rs376408408	206773586	TTGTGTG	T	99	1500
rs2234662	206773586	T	TTG	1	1500
rs2234662	206773586	T	TTGTGTGTG	1	1500
rs2234662	206773586	T	TTGTGTGTGTG	1	1500
rs2234662	206773586	T	TTGTGTGTGTGTG	1	1500
rs2234662	206773586	T	TTGTGTGTGTGTGTG	1	1500
.	206773586	T	TTGTGTGTGTGTGTGTG	0	1510
rs2234662	206773586	TTGTGTGTG	T	1	1500
rs2234662	206773586	TTGTGTGTGTG	T	1	1500
rs2234662	206773586	TTGTGTGTGTGTG	T	1	1500
rs2234662	206773586	TTGTGTGTGTGTGTG	T	1	1500
rs2234662	206773586	TTGTGTGTGTGTGTGTGTG	T	1	1500
rs2234662	206773586	TTGTGTGTGTGTGTGTGTGTGTGTGTG	T	1	1500
rs1491034537	206773589	T	TGTGTGTGC	3	550
.	206773591	T	TGTGTGC	0	1510
rs1050357656	206773593	T	TGTGA	4	1294
rs1189743502	206773595	T	TGA	12	1490
rs1392919138	206773597	T	A	4	1470
.	206773616	G	GTGTGTC	0	1510
rs762881246	206773660	G	A	1	1504
rs1009506464	206773679	C	T	0	1416
rs139002227	206773727	G	T	0	1510
rs139002227	206773727	G	A	0	1510
.	206773756	C	T	0	1510
rs541544614	206773759	C	G	0	1510
rs561558373	206773775	A	G	1	1510
rs1246674717	206773779	G	A	1	1508
rs1258458158	206773786	C	T	1	1510
rs1378891104	206773819	A	G	0	1510
rs1800893	206773822	C	T	549	1510
rs544171896	206773904	T	A	0	1510
rs535326792	206773932	A	G	6	1510
rs1572541100	206773949	C	G	0	1510
rs532804945	206773956	G	A	1	1510
rs5743624	206773959	G	A	79	1510
rs187427424	206773962	T	C	0	1510
rs528618519	206773973	T	C	1	1510
rs1572541142	206774004	G	C	0	1510
rs572132744	206774015	GTTC	G	7	1510
.	206774023	C	T	0	1510
rs76176414	206774028	C	G	0	1510
.	206774039	A	G	0	1510
rs568291432	206774040	T	C	0	1510
rs192741243	206774082	A	G	3	1510
rs550319377	206774153	G	A	0	1510
rs965905013	206774162	G	A	0	1510
rs570435576	206774170	C	T	0	1510
rs572156795	206774223	G	A	0	1510
rs5743623	206774226	G	T	30	1510
rs552584907	206774268	T	C	0	1510
rs899062583	206774306	G	T	0	1510
rs185031444	206774318	C	T	0	1510
rs535586158	206774390	G	A	0	1510
rs545869992	206774407	A	G	1	1510
rs555162172	206774428	A	C	0	1510
rs115071118	206774446	C	T	0	1510
rs189471282	206774485	C	T	0	1510
rs563841118	206774494	C	A	0	1510
rs1800892	206774495	C	T	0	1510
rs546502999	206774507	C	A	0	1510
rs559722884	206774538	C	A	0	1510
rs145782864	206774544	G	T	0	1510
rs542349113	206774545	C	T	0	1510
.	206774636	G	A	0	1510
