ID	POS	REF	ALT	AFR
rs542140204	11785770	A	G	0.0
rs563513836	11785774	G	A	0.0
rs530706948	11785776	C	T	0.0
rs539181268	11785780	G	A	0.0
rs552327453	11785803	G	A	0.0006622516556291391
rs570545683	11785816	T	G	0.0006622516556291391
rs1326698910	11785822	TC	T	0.0
rs12023469	11785889	C	T	0.0006622516556291391
rs546580031	11785908	T	A	0.0
.	11785908	T	C	0.0
rs1318464137	11785921	C	T	0.0
rs1003866779	11785937	T	C	0.0006622516556291391
rs1214938630	11785952	C	T	0.0
rs1016519896	11785953	G	A	0.0
rs1004749486	11785955	A	G	0.0006793478260869565
rs185982649	11786001	G	A	0.0
rs1001911383	11786022	C	T	0.0
rs55740775	11786035	G	GT	0.005298013245033113
rs55740775	11786035	G	GTT	0.005298013245033113
rs993035298	11786087	G	C	0.0006622516556291391
rs913392767	11786130	T	C	0.0006622516556291391
rs369609825	11786175	G	A	0.0
rs372788905	11786186	C	T	0.0033112582781456954
rs4846048	11786195	G	A	0.5291390728476821
rs1557746180	11786198	GTGATAAGAGGTTGA	G	0.0
rs537270036	11786202	T	C	0.0
rs1057624	11786213	T	C	0.0026490066225165563
.	11786253	C	CA	0.0
rs377428401	11786266	T	C	0.0013245033112582781
rs1442907832	11786295	A	C	0.0
rs142884651	11786327	G	A	0.0006622516556291391
rs534760603	11786378	C	T	0.0
rs553378191	11786384	G	T	0.0
rs4845884	11786390	G	A	0.7629139072847683
rs573867846	11786426	A	AT	0.0013297872340425532
rs112469003	11786426	AT	A	0.0006648936170212766
rs774295533	11786512	T	G	0.0
rs542177264	11786580	C	T	0.0033333333333333335
rs563550540	11786587	C	T	0.0
rs919677776	11786595	C	T	0.0
rs575577732	11786596	C	T	0.0
rs755027235	11786602	A	ATT	0.010121457489878543
rs755017633	11786602	ATTTT	A	0.3616734143049933
rs781205127	11786602	ATTTTT	A	0.0033738191632928477
rs774051202	11786602	ATTTTTTTT	A	0.09176788124156546
rs55780505	11786602	A	AT	0.0
rs55780505	11786602	A	ATTT	0.0
rs55780505	11786602	A	ATTTT	0.0
rs55780505	11786602	A	ATTTTT	0.0
rs55780505	11786602	A	ATTTTTT	0.0
rs1055165654	11786602	A	T	0.0020242914979757085
rs55780505	11786602	AT	A	0.0
rs55780505	11786602	ATT	A	0.0
rs55780505	11786602	ATTTTTT	A	0.0
rs55780505	11786602	ATTTTTTT	A	0.0
rs896407305	11786607	T	C	0.0031645569620253164
rs1206832028	11786633	ATCTCACTATGTTGCCAGGGCTTG	A	0.008977900552486187
rs1037919263	11786637	C	T	0.0
rs1193240003	11786641	A	G	0.0
.	11786660	C	T	0.0
.	11786667	C	A	0.0
rs545991628	11786679	G	A	0.0013333333333333333
rs2184227	11786685	C	T	0.09229747675962816
rs142369131	11786706	A	G	0.043941411451398134
rs189783792	11786707	T	C	0.0006648936170212766
rs565962962	11786753	G	GT	0.007947019867549669
rs561382029	11786781	G	C	0.0
rs372468963	11786791	G	T	0.0
rs550133360	11786809	A	G	0.0006622516556291391
rs1570444629	11786840	C	T	0.0
rs144624195	11786941	G	A	0.0006622516556291391
.	11786950	G	T	0.0
rs537306768	11786973	A	T	0.0
rs902426009	11786994	G	A	0.0006622516556291391
rs147946793	11787037	A	G	0.02185430463576159
rs1000680496	11787086	G	A	0.0006622516556291391
rs182398073	11787110	C	T	0.0006622516556291391
rs187031844	11787177	T	C	0.0
.	11787194	T	C	0.0
rs200822442	11787201	C	T	0.0
rs760710074	11787217	GCTAA	G	0.0
rs553174802	11787232	C	A	0.0
rs191871636	11787263	A	G	0.0
.	11787269	G	A	0.0
rs70983598	11787277	G	GGAA	0.3695364238410596
rs183631107	11787278	G	C	0.0
rs557355095	11787287	G	A	0.0
rs371980324	11787313	C	T	0.009271523178807948
rs188514323	11787327	C	T	0.0013245033112582781
rs564348925	11787353	G	C	0.0
rs2184226	11787379	T	C	0.09006622516556291
rs3737967	11787392	G	A	0.019867549668874173
rs561469824	11787393	C	G	0.0
rs764231951	11787430	G	A	0.0
rs547557995	11787431	C	T	0.0
rs150449128	11787460	C	T	0.011258278145695364
rs753706728	11787485	G	A	0.0
rs369313497	11787511	C	G	0.0
.	11787514	G	A	0.0
rs531284429	11787588	A	T	0.0
rs1246972255	11787591	C	T	0.0006622516556291391
rs538074274	11787592	G	A	0.0
rs569629260	11787634	C	T	0.0
rs528653413	11787652	C	G	0.0006622516556291391
rs372869912	11787679	C	T	0.0
rs35562212	11787683	CCT	C	0.0026490066225165563
rs568579504	11787697	T	C	0.0
rs3737966	11787702	C	T	0.3529801324503311
rs114673809	11787703	G	A	0.024503311258278145
rs3820192	11787715	G	T	0.06622516556291391
rs1298665760	11787723	T	TGG	0.0006622516556291391
rs539755675	11787743	G	A	0.0
rs921281125	11787757	C	G	0.0006622516556291391
rs534035001	11787780	C	T	0.0
.	11787803	A	AG	0.0
rs1537516	11787804	G	A	0.07417218543046358
rs573066823	11787806	C	T	0.0
rs1537515	11787845	C	A	0.07086092715231788
.	11787856	T	G	0.0
rs555102130	11787862	C	T	0.0
rs116698217	11787875	T	C	0.010596026490066225
rs193231767	11787876	G	A	0.0
rs116013353	11787879	G	A	0.0
.	11787915	C	A	0.0
rs138288803	11787929	C	A	0.001986754966887417
rs971861508	11787938	T	C	0.0
rs931355611	11787963	C	T	0.0
rs546502055	11787985	G	A	0.0
rs761866671	11787987	A	G	0.0
rs34733339	11787997	T	C	0.09470198675496688
rs555402822	11787998	G	C	0.001986754966887417
rs528746603	11788009	C	A	0.0
rs1537514	11788011	G	C	0.09271523178807947
rs371188005	11788023	G	A	0.0
rs564466007	11788027	G	A	0.0
rs973347052	11788069	G	A	0.0006622516556291391
rs973347052	11788069	G	C	0.0006622516556291391
rs185639600	11788075	T	A	0.0
rs11559040	11788082	G	A	0.025165562913907286
rs41275468	11788086	G	A	0.0
rs746603471	11788096	A	G	0.0
rs1570451767	11788117	G	A	0.0
rs539472116	11788127	C	T	0.0
rs748870451	11788129	GCTGGGCCCTCT	G	0.0
rs558100195	11788170	G	A	0.0006622516556291391
rs566663800	11788183	C	T	0.0
rs534045485	11788202	T	G	0.0
rs555188130	11788236	C	G	0.0
rs374047798	11788293	G	A	0.0006622516556291391
rs1570452680	11788303	G	T	0.0013245033112582781
rs543936102	11788316	C	T	0.0
rs763465988	11788334	C	T	0.0
rs368230034	11788367	G	C	0.0
rs555815683	11788371	G	A	0.0
rs577635601	11788379	G	T	0.0
rs768245863	11788390	C	CACCCCTCTCCACACTGACCATCTCCCATTTCACCTCATACTTAACCCAA	0.0026490066225165563
rs544692675	11788393	C	T	0.0006622516556291391
rs1252639379	11788409	C	T	0.0
rs927922037	11788411	T	G	0.0
rs956680646	11788431	T	C	0.0
rs560051837	11788460	C	T	0.0
rs528831502	11788471	C	T	0.0
rs540922358	11788493	C	T	0.0006622516556291391
.	11788494	A	G	0.0
rs562305112	11788542	C	A	0.0013245033112582781
rs897523338	11788573	C	T	0.0
rs748561255	11788605	G	A	0.0
rs149055513	11788613	G	A	0.01456953642384106
rs143100671	11788627	C	T	0.0
rs562859148	11788686	C	T	0.0
rs533425321	11788697	C	T	0.003973509933774834
rs988863619	11788706	C	T	0.0
rs551486571	11788713	G	A	0.0
rs551486571	11788713	G	C	0.0
.	11788715	G	A	0.0
rs566853939	11788724	C	G	0.0
rs533874353	11788776	C	G	0.0
rs1353050015	11788821	C	T	0.0
rs2077360	11788822	A	G	0.7483443708609272
rs114290429	11788828	C	T	0.022516556291390728
rs537668565	11788829	G	A	0.0006622516556291391
rs556288170	11788855	C	T	0.0006622516556291391
rs188149872	11788856	G	A	0.001326259946949602
rs114646114	11788866	C	T	0.05496688741721854
rs1022692379	11788880	G	A	0.0
rs553529153	11788887	G	C	0.0
rs72640221	11788915	G	A	0.11655629139072848
rs966221316	11788964	C	A	0.0
rs966221316	11788964	C	T	0.0
rs976212337	11788980	G	A	0.0006622516556291391
rs984487446	11789024	A	G	0.0
rs540959127	11789040	C	G	0.0
rs562389867	11789047	C	T	0.0006622516556291391
rs1570456366	11789098	G	C	0.0
rs1052898949	11789135	C	G	0.0
rs892571588	11789136	T	C	0.0
rs574354244	11789151	G	C	0.0006622516556291391
.	11789164	G	A	0.0
rs1048276056	11789168	T	TA	0.0013280212483399733
rs544830292	11789190	C	T	0.0006622516556291391
rs374660279	11789192	G	A	0.005960264900662252
rs533310380	11789196	T	A	0.0
rs112141230	11789209	C	T	0.0006622516556291391
rs781775342	11789223	C	T	0.0006622516556291391
rs560319585	11789233	C	T	0.0026490066225165563
rs527656604	11789244	G	A	0.0
rs138526324	11789258	C	T	0.0
rs191460937	11789260	C	T	0.0013245033112582781
rs1188825299	11789262	G	C	0.0
.	11789298	C	A	0.0
rs45445997	11789313	G	A	0.005298013245033113
rs549710861	11789363	G	T	0.0
.	11789369	G	C	0.0
rs188657034	11789387	G	A	0.0
rs868014	11789390	A	G	0.7596026490066226
rs369053847	11789397	C	T	0.0
rs553811159	11789415	G	C	0.0
rs572143295	11789430	C	T	0.0006622516556291391
rs113958691	11789479	C	T	0.0013245033112582781
rs964983847	11789530	CAG	C	0.0006622516556291391
rs536268618	11789531	A	C	0.000663129973474801
.	11789554	TG	T	0.0
rs554565392	11789561	C	A	0.0
rs186662631	11789566	A	C	0.008609271523178808
rs570036952	11789588	TGCTGCTTTCAGTCTCTCCTAGCG	T	0.009271523178807948
rs45574135	11789610	C	T	0.0006747638326585695
rs928254214	11789611	G	A	0.0006747638326585695
rs988749375	11789619	C	A	0.0
rs889401579	11789640	CAGGA	C	0.0006622516556291391
rs141481256	11789659	A	G	0.0
rs1019118414	11789672	G	A	0.0006622516556291391
rs947241838	11789674	G	A	0.0
rs578111853	11789694	G	C	0.0006622516556291391
rs533406308	11789746	C	T	0.0026490066225165563
rs560655248	11789748	C	A	0.0
rs527742848	11789774	G	A	0.001986754966887417
rs373252979	11789778	G	A	0.0
rs60350681	11789814	G	A	0.011920529801324504
.	11789858	A	AAAT	0.0
.	11789892	C	T	0.0
rs530644920	11789894	G	A	0.0
rs914014010	11789917	G	A	0.0006622516556291391
.	11789923	T	A	0.0
rs942511371	11789994	G	A	0.0
rs45451599	11790026	T	C	0.0
rs536599088	11790048	TTC	T	0.009271523178807948
.	11790054	C	T	0.0
rs571383705	11790059	C	T	0.0
rs1016670099	11790067	A	G	0.0
rs1390950011	11790074	T	A	0.0
rs145253240	11790096	G	A	0.0
rs547241913	11790110	G	A	0.0
rs45625835	11790137	C	T	0.0
rs536307182	11790150	A	C	0.0
rs1249101721	11790174	C	G	0.0006622516556291391
rs563009978	11790175	A	G	0.004635761589403974
rs569658202	11790238	A	C	0.0
.	11790274	T	C	0.0
rs538188982	11790307	G	T	0.0006622516556291391
rs4846049	11790308	T	G	0.4682119205298013
rs578166623	11790340	G	A	0.0
rs545595795	11790342	A	C	0.0
rs553904244	11790357	G	A	0.0
.	11790399	A	G	0.0
rs141798303	11790418	C	T	0.0
rs186889299	11790423	G	A	0.0
.	11790430	G	GC	0.0
rs1034844116	11790493	G	T	0.0
rs560982435	11790500	C	T	0.0013245033112582781
rs776554158	11790505	CA	C	0.0
rs1381943584	11790531	C	G	0.0
rs374137463	11790535	C	G	0.0
rs531577946	11790559	G	T	0.0006622516556291391
.	11790561	G	C	0.0
rs942005282	11790565	G	A	0.0
rs543427518	11790573	C	T	0.0
rs565200419	11790589	C	T	0.0
.	11790597	AGT	A	0.0
rs532267156	11790605	T	A	0.0013245033112582781
rs1384498611	11790671	G	A	0.0006622516556291391
rs547574100	11790673	C	T	0.0
rs565879486	11790674	G	T	0.0
rs45572531	11790692	C	T	0.012582781456953643
rs35737219	11790693	G	A	0.0013245033112582781
rs139586522	11790710	G	T	0.003973509933774834
rs200947520	11790719	G	T	0.0
rs558230616	11790733	A	G	0.0
rs190087897	11790748	C	A	0.0
rs370272345	11790765	T	C	0.0006622516556291391
rs199707466	11790773	G	A	0.0
rs140496402	11790785	C	T	0.0
rs572292225	11790794	G	A	0.0
rs756615138	11790819	T	C	0.0
rs765500188	11790844	ACTC	A	0.0006622516556291391
rs201095365	11790853	C	T	0.0
rs2274976	11790870	C	T	0.019867549668874173
rs554668389	11790881	C	T	0.001986754966887417
rs115049252	11790890	G	A	0.0
rs543808715	11790902	C	T	0.0
rs758514539	11790911	A	AC	0.0
rs565087518	11790912	C	G	0.0006622516556291391
rs751611452	11790917	GCA	G	0.0
rs757176603	11790924	C	CGCACACAT	0.0006622516556291391
rs45622739	11790924	C	T	0.0013245033112582781
rs748894307	11790932	T	C	0.0
rs748102790	11790933	G	GCA	0.0
rs768372247	11790933	GCACA	G	0.0
rs559620102	11790940	C	T	0.0
rs373138974	11790941	A	G	0.0
rs373668909	11790945	A	ACACAT	0.02119205298013245
rs3818762	11790946	G	C	0.1304635761589404
rs576853093	11790946	G	GCACACACACACAC	0.02119205298013245
rs563388466	11790998	G	A	0.0006622516556291391
.	11791018	G	A	0.0
rs530478985	11791059	G	A	0.0006622516556291391
rs7518348	11791061	A	G	0.6443708609271523
rs570347512	11791075	G	A	0.0
rs539357516	11791100	T	C	0.0
rs55686944	11791128	C	T	0.001986754966887417
rs182261953	11791133	G	A	0.0
rs2274975	11791160	C	G	0.0
rs45529133	11791162	C	T	0.15782493368700265
rs576485125	11791163	G	A	0.0
rs45483798	11791178	C	T	0.0
rs199822652	11791182	G	A	0.0006622516556291391
rs368918767	11791191	C	G	0.000663129973474801
rs541364916	11791195	C	T	0.0
rs45598534	11791196	G	A	0.0
rs202153689	11791239	C	T	0.0
rs149585376	11791240	G	A	0.0006622516556291391
rs140565495	11791308	C	T	0.0006622516556291391
rs2274973	11791367	C	T	0.0
rs898346397	11791393	C	G	0.0
.	11791395	T	G	0.0
rs530674219	11791403	A	G	0.0
rs551974998	11791423	T	C	0.0
rs140828780	11791432	C	T	0.005298013245033113
.	11791438	C	T	0.0
rs528098878	11791466	C	T	0.0
rs370256833	11791467	G	A	0.0
rs373638498	11791515	G	C	0.0
rs974430661	11791517	A	G	0.0
rs370416848	11791528	A	G	0.009271523178807948
rs1384811694	11791558	A	C	0.0
rs374472468	11791560	G	A	0.0
rs45507491	11791562	G	A	0.000663129973474801
rs372969871	11791580	C	G	0.0033112582781456954
rs570141592	11791690	C	T	0.0
rs182199605	11791691	C	T	0.0
rs757783169	11791695	T	TTCA	0.0
rs558759895	11791708	A	C	0.0
rs543527522	11791709	A	G	0.000663129973474801
rs1323851834	11791709	ATC	A	0.0
rs1470581173	11791721	C	T	0.0
rs555300933	11791722	G	A	0.0006622516556291391
rs573700646	11791733	C	T	0.0
rs116951275	11791734	A	G	0.0
rs535031372	11791740	A	G	0.0
rs147883027	11791797	T	G	0.016556291390728478
rs1570466081	11791865	A	G	0.000663129973474801
rs41394446	11791870	C	T	0.001986754966887417
rs542140184	11791875	C	G	0.0
rs557158257	11791879	C	T	0.0
rs6700268	11791893	C	G	0.871523178807947
rs545952776	11791902	A	G	0.0
rs564044296	11791947	G	A	0.0
rs528136979	11791951	T	A	0.0006622516556291391
rs1385294129	11791960	C	A	0.0
rs539848119	11792050	C	T	0.0
rs13306556	11792053	C	T	0.10066225165562914
rs185234243	11792060	C	T	0.0
rs563926764	11792061	G	A	0.0
rs570256772	11792063	C	T	0.0
rs531032710	11792077	G	A	0.0
.	11792080	CT	C	0.0
.	11792097	C	A	0.0
rs552703655	11792124	G	C	0.0
rs570866098	11792156	G	C	0.0
rs535068759	11792168	A	C	0.0
rs111705920	11792180	A	G	0.0006622516556291391
rs45578836	11792184	C	G	0.0913907284768212
rs535781837	11792214	A	G	0.0
rs1476413	11792243	C	T	0.147682119205298
rs45497396	11792246	G	A	0.03774834437086093
rs545690093	11792268	C	A	0.0
rs190046545	11792284	A	G	0.0
rs145641996	11792285	T	G	0.0013245033112582781
rs113615972	11792317	C	T	0.0013245033112582781
rs539932473	11792344	C	T	0.0
rs45449298	11792354	C	A	0.006622516556291391
rs45496998	11792355	G	A	0.009271523178807948
rs201888750	11792373	A	T	0.0
rs563840479	11792384	G	A	0.0006622516556291391
rs201006287	11792425	C	T	0.0
rs370276497	11792426	G	A	0.0
rs552496639	11792434	G	A	0.0006622516556291391
rs116578084	11792448	T	C	0.003973509933774834
rs45568845	11792449	A	G	0.005960264900662252
rs150246202	11792451	C	A	0.0
rs17375901	11792459	C	T	0.02052980132450331
rs367589095	11792467	C	A	0.009271523178807948
rs45558433	11792494	G	A	0.017880794701986755
rs45558433	11792494	G	T	0.017880794701986755
rs539716732	11792531	G	A	0.0
rs45515599	11792562	G	A	0.012582781456953643
rs970788182	11792585	A	T	0.0
rs973221614	11792607	G	A	0.0
.	11792629	AG	A	0.0
rs572688649	11792665	G	T	0.0
.	11792677	C	G	0.0
rs533671110	11792708	T	C	0.0
.	11792778	G	C	0.0
rs555063475	11792785	A	G	0.0
rs183117221	11792814	C	T	0.0
rs45525835	11792841	G	C	0.0
.	11792858	T	A	0.0
rs562454685	11792890	C	G	0.0
rs575895721	11792905	C	G	0.0006622516556291391
rs4846050	11792912	T	C	0.8655629139072848
rs538946474	11792914	TGG	T	0.0
rs564703436	11792917	G	A	0.0006622516556291391
.	11792931	C	T	0.0
rs145210863	11792990	C	T	0.006622516556291391
rs547183271	11792996	T	G	0.0
rs562174847	11793013	G	A	0.0
rs113270830	11793026	G	A	0.0006622516556291391
rs550744749	11793035	G	A	0.000663129973474801
rs569229242	11793046	T	C	0.0
rs918867089	11793050	A	G	0.0
rs539388566	11793090	G	A	0.0
rs551242201	11793106	T	C	0.0
rs566402690	11793117	G	A	0.0006729475100942127
rs556845239	11793132	A	G	0.0
rs555100245	11793135	G	A	0.0
rs397979240	11793149	C	CT	0.42768595041322316
rs5772477	11793149	C	CTT	0.0
rs5772477	11793149	C	CTTT	0.0
rs5772477	11793149	CT	C	0.0
rs5772477	11793149	CTT	C	0.0
rs5772477	11793149	CTTT	C	0.0
rs1407123971	11793170	A	G	0.0007246376811594203
rs1190440753	11793183	C	T	0.0
.	11793189	C	T	0.0
rs191642688	11793197	G	A	0.0
rs537939979	11793235	G	A	0.0006830601092896175
rs573698844	11793241	C	T	0.001989389920424403
rs555926917	11793242	G	A	0.0006784260515603799
rs965817517	11793251	C	T	0.0
rs45504491	11793252	G	A	0.0
rs373810102	11793277	T	G	0.0
rs45480996	11793292	G	A	0.003973509933774834
rs564791198	11793296	C	G	0.0
rs573538296	11793297	C	T	0.0
rs935104457	11793298	G	A	0.0
rs376970899	11793309	C	T	0.0
rs540834487	11793310	G	A	0.0
rs574716638	11793331	TA	T	0.0
rs888990653	11793354	T	A	0.0
rs1008701840	11793356	T	C	0.0
rs762518514	11793361	C	A	0.0
rs897646817	11793369	G	A	0.0
rs183893148	11793373	T	C	0.004710632570659489
rs187902563	11793379	C	T	0.0
rs1444578566	11793403	T	C	0.0007485029940119761
rs1181763309	11793404	C	T	0.0006821282401091405
rs969605597	11793427	A	G	0.0
rs1570470352	11793429	G	A	0.0007496251874062968
rs1028761704	11793438	A	C	0.0
rs1259119049	11793449	TC	T	0.0
rs770704127	11793450	CTTTTTTTTTTT	C	0.02786377708978328
rs542060620	11793450	CTTTTTTTTTTTT	C	0.0
rs745668866	11793450	CTTTTTTTTTTTTT	C	0.0023219814241486067
.	11793450	C	A	0.0
rs542060620	11793450	C	CT	0.0
rs542060620	11793450	C	CTT	0.0
rs542060620	11793450	C	CTTT	0.0
.	11793450	C	CTTTT	0.0
rs542060620	11793450	C	CTTTTTT	0.0
rs542060620	11793450	C	CTTTTTTT	0.0
rs542060620	11793450	C	CTTTTTTTT	0.0
rs542060620	11793450	C	CTTTTTTTTT	0.0
.	11793450	C	CTTTTTTTTTT	0.0
rs542060620	11793450	C	CTTTTTTTTTTT	0.0
.	11793450	C	CTTTTTTTTTTTT	0.0
.	11793450	C	CTTTTTTTTTTTTTTT	0.0
.	11793450	C	CTTTTTTTTTTTTTTTT	0.0
rs542060620	11793450	CT	C	0.0
rs542060620	11793450	CTT	C	0.0
rs542060620	11793450	CTTTT	C	0.0
rs542060620	11793450	CTTTTTT	C	0.0
rs542060620	11793450	CTTTTTTTTTT	C	0.0
rs1437605969	11793483	C	T	0.0
.	11793488	T	A	0.0
rs551040568	11793504	A	G	0.006704980842911878
rs7535669	11793542	G	C	0.7582781456953642
rs1223772731	11793553	C	T	0.0
rs533386804	11793554	G	A	0.0
rs988329672	11793563	C	T	0.0
rs551326033	11793572	C	T	0.0006738544474393531
.	11793582	C	T	0.0
rs562152033	11793597	A	C	0.0013280212483399733
rs566437210	11793615	C	T	0.0
rs113950672	11793620	CTCGG	C	0.0006622516556291391
rs45444794	11793623	G	A	0.0551128818061089
.	11793649	A	T	0.0
rs192680314	11793653	G	A	0.0
rs137896923	11793681	G	A	0.011258278145695364
rs537577077	11793705	C	T	0.0006622516556291391
rs376040746	11793732	C	T	0.009946949602122016
rs796928326	11793733	G	A	0.003973509933774834
rs571224961	11793739	C	T	0.0
rs538649080	11793783	C	T	0.0006622516556291391
rs183742250	11793792	C	A	0.0
rs112100966	11793858	C	A	0.034482758620689655
rs200409344	11793860	C	G	0.0
rs45515693	11793868	G	A	0.009933774834437087
rs574157712	11793876	G	A	0.0
rs370138406	11793878	G	T	0.0
rs544453501	11793883	G	A	0.0
rs116620395	11793937	C	G	0.0006622516556291391
rs35653697	11793961	C	T	0.03708609271523179
rs545002537	11793982	C	T	0.0013245033112582781
rs144594875	11794019	C	T	0.001986754966887417
rs142617551	11794028	T	A	0.0
rs139645527	11794029	C	G	0.0
rs146554888	11794036	C	T	0.0013245033112582781
rs79157191	11794045	G	A	0.0013245033112582781
rs199517455	11794054	C	T	0.0
rs571324372	11794101	G	A	0.0
rs565127910	11794127	G	T	0.0
rs143205066	11794151	C	T	0.0
rs553844323	11794161	C	A	0.0
rs565665022	11794206	G	A	0.0006622516556291391
rs534528478	11794248	T	C	0.0
rs556050585	11794285	G	A	0.0
rs544798775	11794335	G	T	0.0006622516556291391
rs556432785	11794336	T	G	0.0
rs201780607	11794338	C	T	0.0006622516556291391
rs1041048235	11794373	G	C	0.0
rs367585605	11794385	C	A	0.0
rs545086633	11794389	A	G	0.0
rs4846051	11794400	G	A	0.6556291390728477
rs1801131	11794419	T	G	0.1543046357615894
rs149533586	11794424	A	G	0.0013245033112582781
rs45571736	11794441	C	T	0.009271523178807948
rs200688214	11794442	C	G	0.0013245033112582781
rs200137991	11794443	C	A	0.0
rs768611976	11794581	AGGG	A	0.0
rs201698816	11794586	A	T	0.0
rs186916207	11794607	G	A	0.011920529801324504
rs12121543	11794614	C	A	0.1213527851458886
rs1035372361	11794629	CCT	C	0.011920529801324504
rs547496119	11794658	T	G	0.0
rs779574397	11794679	C	T	0.0
rs1994798	11794698	G	A	0.4185430463576159
rs113989925	11794740	A	G	0.0006622516556291391
rs2066462	11794839	G	A	0.07947019867549669
rs2066464	11794869	T	C	0.0026490066225165563
rs538151997	11794899	G	C	0.0006622516556291391
rs2066465	11794981	C	T	0.09006622516556291
rs1005901581	11794986	T	C	0.0
rs2066467	11795015	T	C	0.018543046357615896
rs538774996	11795022	C	T	0.0006622516556291391
rs553869972	11795048	G	A	0.0006622516556291391
rs572171405	11795051	G	A	0.0
rs543016186	11795125	C	T	0.0006622516556291391
rs371085894	11795156	G	A	0.0
rs45498098	11795211	G	A	0.0
rs143466425	11795222	C	T	0.0
rs141237767	11795242	T	A	0.0
rs371474040	11795244	G	C	0.0006622516556291391
rs565116610	11795250	G	A	0.0
rs141769179	11795259	G	A	0.0
rs547583387	11795282	C	T	0.0
rs559501574	11795327	G	A	0.0
rs142612062	11795341	T	G	0.005960264900662252
rs747665983	11795347	C	A	0.0
rs548212764	11795359	C	T	0.0
rs201161651	11795375	G	A	0.0
rs2066463	11795390	C	T	0.023178807947019868
rs199787735	11795391	G	A	0.0
.	11795447	G	A	0.0
rs571580991	11795469	C	T	0.0
rs538862503	11795470	G	A	0.0
rs553906224	11795472	T	C	0.0
rs572253564	11795488	C	T	0.0
.	11795515	CTCT	C	0.0
rs79511568	11795603	G	A	0.017880794701986755
.	11795605	G	C	0.0
rs576337810	11795616	C	T	0.0006622516556291391
rs543774481	11795631	A	G	0.0006622516556291391
rs565197473	11795637	C	T	0.0
rs577169975	11795714	T	C	0.0
rs541233218	11795770	C	T	0.0
.	11795782	C	T	0.0
rs6541003	11795810	G	A	0.42374005305039786
rs192863973	11795815	C	T	0.001986754966887417
rs45495691	11795840	A	C	0.06423841059602649
rs763410920	11795856	CCTGGAGATCCA	C	0.0
rs577892578	11795896	T	C	0.0006622516556291391
rs184849980	11795939	G	T	0.0
rs367730971	11795949	T	C	0.0
rs530444676	11795979	C	A	0.0
rs552116958	11795994	C	T	0.0
rs571616133	11796015	G	A	0.0
rs45439601	11796027	G	A	0.02052980132450331
rs147409791	11796064	C	T	0.0033112582781456954
rs769986368	11796065	G	A	0.0
rs565921519	11796089	G	T	0.0006622516556291391
rs536781350	11796120	A	C	0.0
rs554788111	11796146	C	T	0.0006622516556291391
rs570103642	11796153	G	A	0.0013245033112582781
rs201660904	11796158	G	A	0.0
rs369283762	11796167	G	A	0.0026490066225165563
rs200789362	11796224	G	A	0.0006622516556291391
rs200056619	11796229	C	T	0.0
rs45486194	11796254	G	A	0.003973509933774834
rs45459991	11796260	T	C	0.0
rs190090719	11796271	A	G	0.0006622516556291391
rs34279942	11796278	G	A	0.004635761589403974
rs45589033	11796286	C	T	0.0
rs200100285	11796313	T	C	0.0
rs150847674	11796319	C	T	0.0013245033112582781
rs1801133	11796321	G	A	0.08344370860927153
rs751512280	11796330	G	C	0.0006622516556291391
rs200771471	11796353	C	T	0.0
rs375686262	11796445	C	A	0.0013245033112582781
rs530250174	11796450	C	T	0.0
rs548725605	11796454	G	A	0.0
rs570056767	11796471	G	A	0.0
rs1402277043	11796479	CAG	C	0.0
rs890523865	11796653	A	C	0.0013245033112582781
.	11796680	A	C	0.0
rs1042371679	11796692	C	CA	0.007947019867549669
rs963355415	11796696	C	G	0.0
rs7545331	11796764	G	C	0.6562913907284769
rs369203150	11796787	A	T	0.004635761589403974
rs17421462	11796790	G	A	0.060927152317880796
rs143142879	11796844	T	G	0.0
rs553322682	11796888	T	C	0.0
rs181739295	11796967	G	A	0.009283819628647215
rs541668973	11796991	G	A	0.0006622516556291391
rs376586075	11797023	A	G	0.0
rs557070205	11797025	C	A	0.0006648936170212766
rs184507441	11797144	C	T	0.0
rs45475403	11797150	C	T	0.005641748942172073
rs1332173495	11797156	A	AT	0.0007215007215007215
rs373912696	11797158	T	C	0.0
rs189291356	11797173	G	C	0.02358490566037736
rs7526128	11797183	C	T	0.40287277701778385
rs770876544	11797196	C	CA	0.10714285714285714
rs759192093	11797196	CAA	C	0.4777777777777778
rs761345873	11797196	CAAA	C	0.0031746031746031746
rs70983601	11797196	C	CAA	0.0007936507936507937
rs70983601	11797196	C	CAAA	0.0007936507936507937
.	11797196	C	CAAAA	0.0
rs70983601	11797196	CA	C	0.0007936507936507937
rs70983601	11797196	CAAAA	C	0.0007936507936507937
rs1005154909	11797217	G	T	0.0
rs539809148	11797249	G	A	0.0006963788300835655
rs926402989	11797257	G	A	0.0006693440428380187
rs6541004	11797324	T	C	0.6359416445623343
.	11797328	C	G	0.0
rs7537955	11797353	A	G	0.5629973474801061
rs1168016750	11797387	G	A	0.0
rs548547873	11797410	A	C	0.0
rs181992623	11797433	C	G	0.0006622516556291391
rs150060894	11797458	A	G	0.001986754966887417
rs367573214	11797461	TA	T	0.00199203187250996
rs796774075	11797461	TAA	T	0.0006640106241699867
.	11797465	A	G	0.0
rs1002151986	11797466	A	C	0.0
rs201825647	11797468	A	AT	0.0
rs6541005	11797468	A	T	0.3375331564986737
rs6541006	11797469	A	T	0.7035809018567639
rs535031309	11797470	T	A	0.0006622516556291391
rs1557765524	11797476	T	TTA	0.0
rs1557765532	11797476	TAA	T	0.0006622516556291391
rs977892495	11797482	A	T	0.0006622516556291391
rs925068556	11797498	A	G	0.0
rs45577533	11797519	T	C	0.04900662251655629
rs1570481957	11797530	C	T	0.0
rs1260082675	11797550	C	T	0.0
rs746907463	11797598	C	CCA	0.0
rs1028482908	11797609	A	G	0.0
rs1572151	11797654	T	C	0.06490066225165562
.	11797656	A	G	0.0
rs556912569	11797673	C	T	0.0
rs575375057	11797717	A	G	0.0
rs17421511	11797731	G	A	0.031125827814569535
rs557447398	11797756	G	A	0.0
rs570048078	11797764	C	T	0.0
rs539847811	11797830	C	T	0.0006622516556291391
.	11797839	C	T	0.0
rs561724361	11797842	T	C	0.0006622516556291391
rs45449597	11797868	C	A	0.009933774834437087
.	11797868	C	T	0.0
rs45608437	11797869	G	A	0.009933774834437087
rs563755549	11797877	C	T	0.0
rs4846052	11797894	T	C	0.13973509933774833
rs45479906	11797975	G	A	0.02384105960264901
rs184994657	11797978	C	T	0.0006622516556291391
rs17037388	11797979	A	G	0.21258278145695364
rs961027285	11797991	T	C	0.0006622516556291391
rs546724401	11797993	T	G	0.0006622516556291391
rs940761714	11798007	C	T	0.0
rs568433069	11798008	G	A	0.0
rs535412180	11798010	T	G	0.0
rs553642140	11798013	T	C	0.0006622516556291391
rs374352258	11798031	C	A	0.0013245033112582781
rs550873014	11798044	T	C	0.0
.	11798116	C	T	0.0
rs145381829	11798222	T	C	0.0006622516556291391
.	11798235	TTACTC	T	0.0
rs539259350	11798263	G	A	0.0013245033112582781
rs17421560	11798267	G	A	0.06026490066225165
rs1570483693	11798276	T	C	0.0
.	11798284	G	A	0.0
rs72640233	11798306	C	T	0.0006622516556291391
rs45533333	11798346	C	T	0.005960264900662252
rs1570484020	11798397	G	A	0.0
rs555105118	11798456	C	G	0.0
rs45504202	11798493	C	T	0.009933774834437087
rs143764348	11798510	C	T	0.0
rs369800966	11798511	G	A	0.0
rs41452445	11798527	T	C	0.005298013245033113
rs4845885	11798615	T	C	0.9986754966887417
rs189798757	11798616	G	A	0.0
rs528636301	11798643	C	T	0.0
rs561139839	11798725	G	A	0.0
rs565031840	11798766	C	T	0.0
rs146853839	11798799	A	G	0.017218543046357615
rs1479228804	11798806	C	T	0.0
rs181147408	11798807	G	A	0.003978779840848806
rs568817014	11798830	G	A	0.0
rs45510994	11798890	C	A	0.03443708609271523
rs45510994	11798890	C	T	0.03443708609271523
rs541755494	11798892	C	T	0.0
rs985454446	11798893	G	A	0.0
rs45553335	11798900	T	C	0.12317880794701987
rs555458447	11798904	C	T	0.0006622516556291391
rs6681229	11798905	G	A	0.023178807947019868
.	11798907	C	G	0.0
rs45468191	11798985	A	G	0.005509641873278237
rs529901408	11798986	C	T	0.0
rs375817840	11798989	G	A	0.0006622516556291391
rs546509565	11798993	T	C	0.0
rs186378656	11798997	C	T	0.0006640106241699867
rs548087160	11799003	A	C	0.0
rs45530331	11799024	C	T	0.06962864721485411
.	11799024	C	G	0.0
rs559866084	11799031	C	T	0.0
rs965367689	11799032	G	A	0.0
rs563544729	11799041	C	CT	0.0006738544474393531
.	11799045	T	C	0.0
rs80307360	11799075	C	T	0.005312084993359893
rs113378628	11799167	C	T	0.009271523178807948
rs1453956864	11799181	C	T	0.0
rs544643990	11799205	C	T	0.0006622516556291391
rs546765286	11799211	C	T	0.0006622516556291391
rs138628145	11799212	G	A	0.0
rs74826820	11799223	C	T	0.010596026490066225
rs566398632	11799277	C	T	0.0
rs527493223	11799279	C	G	0.0
rs77078602	11799333	T	C	0.005298013245033113
rs567356444	11799368	C	A	0.0
.	11799370	T	A	0.0
rs537540533	11799411	A	G	0.0
rs1570486730	11799474	G	C	0.0
rs527590087	11799511	T	C	0.0
rs80038130	11799549	T	G	0.005361930294906166
rs74683406	11799579	G	A	0.0053404539385847796
rs200141246	11799628	G	GTGT	0.005502063273727648
rs769874569	11799628	GTGT	G	0.0
rs1553186867	11799630	G	GTT	0.021830985915492956
rs1553186867	11799630	G	GTTT	0.021830985915492956
.	11799630	GTT	G	0.0
rs766488409	11799633	G	GT	0.004329004329004329
rs185672421	11799633	G	T	0.03896103896103896
rs766488409	11799633	G	GTT	0.004329004329004329
rs1553186875	11799633	G	GTTGT	0.0
rs766488409	11799633	GT	G	0.004329004329004329
rs866043130	11799636	T	G	0.0
rs1403669843	11799639	T	G	0.0
rs3766747	11799644	T	G	0.08377659574468085
rs1041154784	11799677	G	T	0.0019946808510638296
rs901235111	11799689	C	T	0.0
rs111847924	11799690	G	A	0.00554016620498615
rs573418694	11799755	C	G	0.0
rs45518732	11799820	C	T	0.001989389920424403
rs368379302	11799820	CG	C	0.022546419098143235
rs191634706	11799821	G	A	0.0
rs45532338	11799851	C	T	0.005305039787798408
rs7527897	11799852	A	G	0.890728476821192
rs986073871	11799883	C	T	0.0006622516556291391
rs544367623	11799896	T	C	0.0
rs562572831	11799909	G	A	0.0
rs577634830	11799922	G	A	0.0
rs529907129	11799923	C	T	0.0
rs370902816	11799927	C	T	0.0006622516556291391
rs373278504	11799932	C	T	0.0006622516556291391
rs113518012	11799941	G	A	0.0033112582781456954
rs527544441	11799971	C	T	0.0
rs549206711	11799975	G	C	0.0
.	11799995	AC	A	0.0
.	11800011	C	T	0.0
rs370374091	11800012	G	A	0.0
rs560915406	11800020	C	G	0.0
rs531469522	11800021	A	G	0.0
.	11800052	G	C	0.0
rs13306553	11800060	A	G	0.08278145695364239
rs11121832	11800063	T	C	0.6701986754966888
rs538647292	11800114	C	T	0.0
.	11800149	GC	G	0.0
rs547372308	11800152	C	G	0.0006622516556291391
rs527473639	11800163	T	TCA	0.0
rs1307224731	11800170	C	T	0.0
rs200331082	11800185	C	T	0.0
rs116371083	11800194	G	C	0.0006622516556291391
rs555964132	11800232	T	G	0.0
rs574132670	11800250	C	T	0.0
rs544825026	11800272	C	T	0.0013245033112582781
rs115670597	11800362	C	G	0.005298013245033113
rs2066469	11800398	C	T	0.07417218543046358
rs2066471	11800401	C	T	0.009271523178807948
rs36040334	11800402	G	A	0.012582781456953643
rs13306567	11800408	C	G	0.005298013245033113
.	11800416	CGAGTCCCTG	C	0.0
rs35529390	11800417	G	A	0.0
rs572344740	11800441	A	G	0.0006622516556291391
rs45560334	11800474	A	G	0.007947019867549669
rs561164496	11800491	G	C	0.0006622516556291391
rs183413973	11800513	G	T	0.0
rs549961827	11800547	C	T	0.0006622516556291391
rs141819485	11800548	G	A	0.0006622516556291391
.	11800557	T	C	0.0
rs115931610	11800568	C	T	0.0006622516556291391
rs547458016	11800581	C	T	0.0006622516556291391
rs565525805	11800582	G	A	0.0
rs1328813059	11800587	TG	T	0.001986754966887417
rs34840945	11800591	G	A	0.017880794701986755
rs45525433	11800601	G	A	0.019867549668874173
rs567912003	11800623	G	A	0.0006622516556291391
rs7533315	11800626	T	C	0.6708609271523179
rs35593468	11800627	G	A	0.0026490066225165563
rs956049363	11800651	G	A	0.0
rs34846084	11800674	G	T	0.0
rs538737297	11800681	T	C	0.0026490066225165563
rs34450350	11800703	G	A	0.0033112582781456954
rs36015380	11800718	G	C	0.0
rs960713713	11800723	C	T	0.0
rs146359120	11800736	T	A	0.0
rs35464336	11800750	C	T	0.08278145695364239
rs34825967	11800768	A	G	0.011920529801324504
rs17037390	11800786	G	A	0.2185430463576159
rs543688861	11800798	C	T	0.0
rs565066141	11800803	C	A	0.0
rs187644747	11800816	C	T	0.0
rs547353697	11800825	A	G	0.0006622516556291391
rs541108361	11800830	G	A	0.0006622516556291391
rs190957437	11800910	C	T	0.0
rs529675108	11800911	G	A	0.0013245033112582781
rs548125565	11800928	G	A	0.0
rs965351598	11800941	C	T	0.0006622516556291391
rs567863653	11800942	G	A	0.0006622516556291391
rs918658163	11800947	CAAGAGGTGG	C	0.0006622516556291391
rs369386665	11801026	G	A	0.007957559681697613
rs550000458	11801042	G	A	0.0
rs45606635	11801066	A	G	0.017218543046357615
rs538774885	11801091	C	T	0.0
rs1385902466	11801103	AC	A	0.0
rs771763176	11801106	AAGTGGC	A	0.0
rs752411454	11801116	C	T	0.0006622516556291391
rs757629473	11801117	G	A	0.0
rs553996815	11801128	A	T	0.0
rs755060313	11801139	T	C	0.0
rs566125423	11801171	C	A	0.0
rs750818024	11801183	C	T	0.0
rs2066466	11801219	C	T	0.0
rs149514973	11801241	C	T	0.0006622516556291391
rs202095816	11801254	T	C	0.0
rs576446829	11801276	A	C	0.0006622516556291391
rs144921426	11801288	G	A	0.009271523178807948
rs2066461	11801291	G	A	0.0
rs577135269	11801303	C	G	0.0006622516556291391
rs763239029	11801308	TGGA	T	0.0
rs143347952	11801354	G	A	0.0
rs45546035	11801360	G	A	0.006622516556291391
rs559189829	11801375	G	A	0.0
rs145302631	11801376	C	T	0.0006622516556291391
rs541505625	11801396	A	C	0.0
rs562933439	11801414	T	C	0.0
rs553603464	11801448	G	A	0.0
rs531914270	11801460	C	T	0.0006622516556291391
rs570966146	11801471	G	A	0.0
rs928104247	11801516	C	T	0.0006622516556291391
rs937299318	11801556	T	C	0.0
rs571580835	11801577	G	T	0.0006622516556291391
rs45577937	11801607	G	A	0.031125827814569535
rs547923475	11801610	A	G	0.001986754966887417
rs186667599	11801664	G	A	0.01390728476821192
rs536741787	11801666	C	T	0.0
rs45451799	11801730	G	T	0.0
rs1259772970	11801733	T	C	0.0
rs149064073	11801739	A	G	0.0033112582781456954
rs1172324845	11801797	C	T	0.0
rs45603435	11801798	A	G	0.10927152317880795
rs558910173	11801844	G	A	0.0
rs1376756685	11801847	C	T	0.0
rs577171778	11801861	T	G	0.0
rs534517391	11801862	T	C	0.0
rs553126835	11801887	G	A	0.0007776049766718507
rs201401275	11801895	G	GCCTGGGC	0.006220839813374806
rs574486176	11801898	T	A	0.0
rs1326345763	11801918	T	C	0.0
.	11801921	C	A	0.0
rs560498387	11801923	CA	C	0.16184971098265896
rs112371828	11801923	CAAAAAAAAAAAA	C	0.019508670520231215
rs755457678	11801923	CAAAAAAAAAAAAAA	C	0.000722543352601156
rs55898207	11801923	C	CA	0.0
rs55898207	11801923	C	CAA	0.0
rs55898207	11801923	C	CAAA	0.0
.	11801923	C	CAAAA	0.0
rs55898207	11801923	CAA	C	0.0
rs55898207	11801923	CAAA	C	0.0
rs55898207	11801923	CAAAA	C	0.0
rs55898207	11801923	CAAAAAAAA	C	0.0
rs55898207	11801923	CAAAAAAAAAAA	C	0.0
rs1243598651	11801936	AAAAAAAAAAAAG	A	0.0
rs541892280	11801970	A	G	0.0
rs17037396	11801990	C	T	0.08434547908232119
rs1015132460	11801991	G	A	0.0
rs1355189590	11801996	C	T	0.001364256480218281
rs71568355	11802003	CACAGA	C	0.0
rs574915221	11802014	G	A	0.0006802721088435374
rs545359407	11802031	C	T	0.0006775067750677507
.	11802051	T	C	0.0
rs151151076	11802061	C	T	0.0
rs961194637	11802062	G	A	0.0006622516556291391
rs374497616	11802075	T	C	0.0
rs17037397	11802106	C	A	0.02185430463576159
rs141425868	11802114	G	C	0.015894039735099338
rs530166393	11802135	T	C	0.0
rs115558910	11802137	T	C	0.038410596026490065
rs9651118	11802157	T	C	0.0033112582781456954
rs537454111	11802164	A	G	0.0
rs554281435	11802225	C	T	0.0
rs1312883221	11802273	TGC	T	0.0
rs7547068	11802274	G	A	0.08013245033112583
rs7525338	11802275	C	T	0.08013245033112583
rs111541538	11802281	C	G	0.060927152317880796
rs552925243	11802282	C	A	0.0
rs552925243	11802282	C	G	0.0
.	11802304	C	G	0.0
rs992532472	11802331	G	A	0.0006622516556291391
rs992532472	11802331	G	T	0.0006622516556291391
rs184703680	11802354	T	C	0.0
rs556653513	11802390	C	T	0.0
rs187974634	11802391	G	A	0.0
rs750063620	11802403	C	T	0.0
rs545440217	11802450	C	T	0.000663129973474801
rs192995855	11802451	G	A	0.0
rs374473936	11802460	G	A	0.004005340453938585
rs547520987	11802461	TAA	T	0.03187250996015936
rs45589544	11802476	TA	T	0.0
rs45589544	11802476	T	TA	0.0
rs1036635928	11802477	A	T	0.0
rs1570496636	11802514	T	G	0.0
rs138112017	11802540	A	C	0.0
rs370646345	11802606	C	G	0.0
rs530334239	11802611	T	C	0.0
rs142122906	11802699	T	C	0.016622340425531915
rs563779020	11802700	G	A	0.0
rs55645287	11802707	C	CT	0.06490066225165562
rs17367504	11802721	A	G	0.10264900662251655
rs111872338	11802762	CCTGCCCCCTCCGG	C	0.009933774834437087
rs552646135	11802790	C	T	0.0
rs1212518528	11802791	G	A	0.0
rs189021156	11802825	T	C	0.022516556291390728
rs1570497565	11802828	G	C	0.0
rs375212771	11802850	C	T	0.0006622516556291391
rs1413355	11802878	T	C	0.007947019867549669
rs201618781	11802965	C	T	0.0
rs138189536	11802981	G	A	0.0
rs2066470	11803000	G	A	0.06490066225165562
rs372125653	11803055	C	T	0.0
rs143428827	11803088	C	G	0.0006622516556291391
rs34889587	11803138	G	A	0.00728476821192053
rs370795291	11803153	A	T	0.0013245033112582781
rs557358780	11803214	G	A	0.003973509933774834
rs572816626	11803219	C	T	0.0
rs17037404	11803220	G	A	0.07947019867549669
rs553635476	11803235	A	T	0.0
rs764973403	11803239	A	G	0.0006622516556291391
rs991474512	11803262	G	A	0.0
.	11803282	T	C	0.0
rs574984197	11803303	C	T	0.0
rs1024775877	11803308	C	T	0.0006622516556291391
rs978012667	11803332	C	T	0.0
rs542491457	11803356	C	T	0.0006622516556291391
rs563865923	11803394	G	A	0.0
rs531062987	11803402	T	C	0.0
rs546298964	11803426	G	A	0.0
rs564397537	11803433	C	T	0.0026490066225165563
rs375487601	11803445	G	T	0.0
.	11803490	G	A	0.0
rs13306558	11803509	G	A	0.0
rs13306558	11803509	G	T	0.0
.	11803529	G	GC	0.0
rs778716054	11803543	G	C	0.0
rs566478202	11803551	A	C	0.0
rs45539035	11803588	C	T	0.0
rs550394889	11803598	A	T	0.0006622516556291391
rs954973469	11803599	CAAAG	C	0.0
rs1570500534	11803634	G	A	0.0006622516556291391
rs568688313	11803641	G	A	0.0
.	11803648	C	T	0.0
rs539217684	11803743	G	A	0.0
rs557445152	11803756	G	A	0.0006622516556291391
.	11803757	T	A	0.0
rs566402876	11803810	C	G	0.0
.	11803810	C	T	0.0
.	11803832	GA	G	0.0
rs3753588	11803847	C	T	0.08278145695364239
rs369434280	11803851	A	C	0.0
rs555061953	11803860	G	A	0.0
.	11803868	T	C	0.0
.	11803906	T	C	0.0
rs1931226	11803917	C	A	0.0
rs1931226	11803917	C	T	0.0
rs557618060	11803918	G	A	0.0006622516556291391
rs189050143	11803948	T	C	0.011920529801324504
rs181792206	11804009	C	T	0.008609271523178808
rs564615502	11804046	A	G	0.0013245033112582781
rs186197396	11804070	A	G	0.017880794701986755
rs7553194	11804092	G	A	0.08278145695364239
rs3753587	11804111	T	A	0.009271523178807948
rs529177331	11804150	T	C	0.0
rs550481493	11804177	A	G	0.0
rs3753586	11804205	T	C	0.021883289124668436
rs532967437	11804212	C	T	0.0
rs1190472376	11804214	G	A	0.0006622516556291391
rs551238982	11804254	C	G	0.0
rs906349387	11804277	G	A	0.0
rs549444574	11804317	G	C	0.0
rs3753585	11804321	G	A	0.02384105960264901
rs766062852	11804362	C	T	0.0006640106241699867
rs533644790	11804373	G	A	0.0
rs1464440688	11804441	T	A	0.0
rs567251296	11804443	C	T	0.0014792899408284023
rs13306557	11804444	A	G	0.0
.	11804447	T	C	0.0
rs397726051	11804448	C	CA	0.6818181818181818
rs569976647	11804448	C	CAA	0.01270053475935829
rs34591652	11804448	C	CAAA	0.032754010695187165
rs931796104	11804454	A	AC	0.0
rs986115631	11804520	G	T	0.0
rs3753584	11804529	T	C	0.12691771269177127
.	11804588	C	T	0.0
rs927820514	11804619	G	A	0.0
.	11804692	C	A	0.0
rs189293893	11804699	T	C	0.0
rs540042456	11804706	C	T	0.0006622516556291391
rs901355093	11804818	T	C	0.0
rs111800209	11804837	C	T	0.001989389920424403
rs142234351	11804849	C	T	0.005420054200542005
rs1036674728	11804939	G	A	0.0
rs1023295498	11804940	G	C	0.0
rs77612924	11804993	G	T	0.033156498673740056
rs3834045	11805006	ATTGC	A	0.08278145695364239
rs1390810541	11805059	C	T	0.0
rs540347295	11805079	A	G	0.0
rs180866283	11805080	T	C	0.0
.	11805111	A	G	0.0
rs186269272	11805168	C	G	0.0
rs17367629	11805179	C	T	0.08278145695364239
rs3753583	11805193	G	A	0.0
rs3834044	11805227	A	AC	0.24635761589403973
rs911235194	11805254	C	T	0.0
rs373838997	11805276	AT	A	0.0
rs45504095	11805284	C	T	0.07947019867549669
rs201017022	11805310	TG	T	0.019867549668874173
.	11805339	C	G	0.0
.	11805351	C	T	0.0
rs553069000	11805412	AC	A	0.0
rs533051829	11805417	C	G	0.0
rs533051829	11805417	C	T	0.0
rs3753582	11805485	A	C	0.08410596026490066
rs1570505159	11805497	G	A	0.0
rs45486493	11805528	C	T	0.017218543046357615
rs1570505299	11805552	C	A	0.0
rs967840214	11805594	G	A	0.0013245033112582781
rs967840214	11805594	G	T	0.0013245033112582781
rs527412636	11805605	G	C	0.0006622516556291391
rs45440899	11805607	T	C	0.07947019867549669
rs574949108	11805639	G	A	0.0
rs930259219	11805644	C	T	0.0
.	11805662	G	A	0.0
rs537851426	11805709	G	C	0.0
rs1570505686	11805730	C	A	0.0006622516556291391
rs1044808668	11805732	C	G	0.0
rs113721804	11805733	G	A	0.017218543046357615
rs776518060	11805738	G	A	0.0
rs1324205040	11805743	C	T	0.0
rs13306561	11805747	A	G	0.25165562913907286
rs3834043	11805759	G	GC	0.0
rs3834043	11805759	G	GCC	0.0
.	11805759	G	GT	0.0
rs3834043	11805759	GC	G	0.0
rs45594036	11805760	C	A	0.006299212598425197
rs558358450	11805765	C	G	0.0
rs573377967	11805766	C	G	0.0006622516556291391
rs1557774079	11805766	C	CG	0.0
rs534367778	11805767	C	T	0.011920529801324504
rs555448313	11805780	A	C	0.0
rs969962064	11805814	G	A	0.0013245033112582781
.	11805831	G	A	0.0
rs534679637	11805843	C	T	0.0
rs544243561	11805860	C	T	0.0
rs766634675	11805868	C	T	0.0
rs1056184069	11805894	G	A	0.0013245033112582781
rs1009212383	11805909	G	C	0.0
.	11805928	G	A	0.0
rs1450022199	11805938	GGC	G	0.0
rs1184656083	11805942	GCTGCA	G	0.0
rs1017487960	11805947	A	G	0.0
rs965866122	11805960	G	A	0.0006622516556291391
.	11806000	G	A	0.0
rs562529887	11806025	C	T	0.010596026490066225
.	11806025	C	G	0.0
.	11806038	C	A	0.0
.	11806048	GC	G	0.0
.	11806049	C	T	0.0
rs577552705	11806077	C	T	0.0
rs544956163	11806108	C	G	0.0
rs13306560	11806126	C	T	0.005305039787798408
rs45460391	11806127	C	G	0.0006622516556291391
rs542768587	11806156	A	G	0.0
rs867277491	11806161	T	G	0.0
.	11806190	C	T	0.0
rs560969189	11806196	C	T	0.0
rs531431386	11806222	G	A	0.0
rs370646327	11806229	G	A	0.0013245033112582781
rs571241565	11806254	A	G	0.0
rs754787159	11806285	T	TGTGCTGCTGCTGCAGGTG	0.0006622516556291391
rs532104620	11806331	C	A	0.0
rs767943876	11806332	C	T	0.0
rs199831015	11806337	C	A	0.0
.	11806354	G	T	0.0
rs139107857	11806373	T	TG	0.004710632570659489
rs111334345	11806385	G	A	0.0026490066225165563
rs3737965	11806394	G	A	0.02185430463576159
rs1187980779	11806405	A	G	0.0
rs555535290	11806416	G	A	0.0
rs568326346	11806419	G	C	0.0
rs374862115	11806435	C	G	0.000663129973474801
rs185998105	11806456	G	A	0.023178807947019868
rs556168899	11806462	G	C	0.0
.	11806470	A	G	0.0
rs45498791	11806538	C	A	0.076158940397351
rs535490431	11806543	C	T	0.0
