ID	POS	REF	ALT	AFR_L_AFR	AFR_G_AFR	AFR_T_AFR
rs573318692	150990919	G	A	1.0	1.0	1.0
rs1044097203	150990922	C	G			
rs545164063	150990945	T	G	1.0	1.0	1.0
rs182136771	150990965	G	C	1.0	1.0	1.0
rs77017676	150990997	C	T	1.0	1.0	1.0
rs530599428	150991010	G	A			
rs117810632	150991021	C	T	1.0	1.0	1.0
rs560815413	150991033	T	A			
rs186886363	150991038	G	A	1.0	1.0	1.0
rs546143732	150991049	G	T			
rs566128721	150991069	G	T	1.0	1.0	1.0
rs114158437	150991078	C	T	1.0	1.0	1.0
rs551962759	150991088	A	C	1.0	1.0	1.0
.	150991128	A	G			
rs568955874	150991155	T	C			
rs537211297	150991284	A	G			
rs578092135	150991296	A	T			
.	150991297	G	C			
rs567910395	150991352	A	C			
.	150991364	A	G			
rs536940474	150991373	A	G			
rs553746035	150991384	T	C			
rs573261112	150991390	A	G			
rs61760643	150991391	G	A	1.0	1.0	1.0
rs747206943	150991395	C	T			
rs192543182	150991396	G	A			
.	150991417	C	G			
rs78415437	150991428	C	T	1.0	1.0	1.0
rs184933074	150991429	G	A			
rs929748224	150991469	G	A			
rs544036682	150991479	A	T			
.	150991479	A	G			
.	150991485	C	T			
rs1048582101	150991506	G	A			
rs560752630	150991567	G	A			
rs73472515	150991587	G	A	1.0	1.0	1.0
.	150991624	G	T			
rs142632585	150991650	G	A			
rs540119396	150991654	G	T	1.0	1.0	1.0
rs560042275	150991679	C	T			
.	150991699	A	T			
rs146436847	150991705	G	A			
rs552166020	150991735	C	G			
rs1462464043	150991762	G	A			
rs918257103	150991793	C	T	1.0	1.0	1.0
.	150991800	A	T			
rs148290732	150991806	G	A	1.0	1.0	1.0
rs983798378	150991840	A	G			
rs531436707	150991852	C	T			
rs141481722	150991853	G	A			
rs150417153	150991857	G	A	1.0	1.0	1.0
.	150991858	T	C			
rs922402031	150991906	G	C			
rs536884004	150991911	G	A			
.	150991927	C	G			
rs138595199	150991928	G	A	1.0	1.0	1.0
rs567178314	150991937	A	G			
rs1584893219	150991948	A	T	1.0	1.0	1.0
.	150991974	C	T			
rs1265229628	150991983	C	T			
rs939044793	150991984	G	A			
rs796976419	150991996	C	CA	1.0	1.0	1.0
rs796976419	150991996	CA	C	1.0	1.0	1.0
rs796976419	150991996	CAA	C	1.0	1.0	1.0
rs868837173	150992012	T	A	1.0	1.0	1.0
rs538623747	150992014	A	T			
rs558920960	150992021	C	T	1.0	1.0	1.0
rs575602693	150992022	G	A			
rs568944546	150992032	G	A			
rs141790092	150992038	G	T	1.0	1.0	1.0
rs554684853	150992040	C	T			
rs574269605	150992041	G	A			
rs540059261	150992072	C	A			
rs112216160	150992073	C	T	1.0	1.0	1.0
rs975165021	150992078	G	A			
rs922431713	150992107	C	G	1.0	1.0	1.0
rs1023019085	150992108	C	T	1.0	1.0	1.0
rs11371169	150992147	T	TA	1.0	1.0	1.0
rs865783741	150992147	T	A			
rs11371169	150992147	T	TAA	1.0	1.0	1.0
rs11371169	150992147	T	TAAA	1.0	1.0	1.0
rs11371169	150992147	TA	T	1.0	1.0	1.0
rs11371169	150992147	TAA	T	1.0	1.0	1.0
.	150992166	G	T			
.	150992167	A	T			
rs768977348	150992279	T	C			
.	150992297	G	A			
rs1800783	150992309	A	T	1.0	1.0	1.0
rs3918155	150992338	A	T	1.0	1.0	1.0
rs895899352	150992362	C	G	1.0	1.0	1.0
rs3918156	150992402	T	G			
rs1364750423	150992417	C	T			
.	150992449	G	A			
rs533546222	150992451	C	T			
rs373498447	150992473	T	C			
rs561796718	150992542	C	T	1.0	1.0	1.0
rs865924814	150992575	C	T			
rs530292521	150992591	C	T			
rs962710289	150992606	G	A	1.0	1.0	1.0
rs547234259	150992612	C	T	1.0	1.0	1.0
rs1584893727	150992628	C	T			
rs539322525	150992638	C	T			
rs3918158	150992682	C	T	1.0	1.0	1.0
rs376355136	150992685	CTTGT	C			
rs555034680	150992690	T	G			
rs3918159	150992694	T	C	1.0	1.0	1.0
rs574290564	150992697	T	G			
.	150992708	G	GT			
.	150992711	G	GCTC			
rs1029312606	150992742	G	C			
rs537875224	150992748	G	A			
rs538141490	150992772	G	C			
rs3918225	150992802	G	A	1.0	1.0	1.0
rs189959142	150992826	C	T	1.0	1.0	1.0
.	150992831	G	A			
rs3918160	150992844	C	G	1.0	1.0	1.0
rs1800779	150992855	G	A	1.0	1.0	1.0
rs1205910204	150992865	A	G			
rs2243311	150992882	C	T	1.0	1.0	1.0
rs556217230	150992936	C	T			
.	150992943	T	G			
.	150992970	G	A			
rs2070744	150992991	C	T	1.0	1.0	1.0
rs992015051	150992992	G	A			
rs193201584	150992997	A	G	1.0	1.0	1.0
rs139440577	150993037	C	T			
rs527394792	150993038	G	A	1.0	1.0	1.0
rs553827594	150993045	G	A			
rs3918226	150993088	C	T	1.0	1.0	1.0
rs1563205728	150993108	TC	T			
rs543032563	150993113	C	G			
rs142648492	150993141	C	T	1.0	1.0	1.0
rs118185021	150993150	G	A			
rs531562303	150993160	G	A	1.0	1.0	1.0
rs3918162	150993198	A	G	1.0	1.0	1.0
rs3918163	150993204	T	A	1.0	1.0	1.0
rs368581494	150993253	T	G	1.0	1.0	1.0
rs534023489	150993274	A	C			
rs143880282	150993279	T	C	1.0	1.0	1.0
rs570608016	150993280	G	C	1.0	1.0	1.0
rs539285322	150993302	C	T	1.0	1.0	1.0
rs367847525	150993310	CCCTAGA	C	1.0	1.0	1.0
rs184623039	150993337	G	A			
rs1223401292	150993366	C	T	1.0	1.0	1.0
rs189463742	150993411	G	T			
rs973513722	150993419	G	A			
rs764012820	150993423	G	T			
rs41490944	150993431	G	A	1.0	1.0	1.0
rs555406256	150993434	T	G	1.0	1.0	1.0
rs1024744951	150993440	C	T			
rs572118473	150993474	G	C	1.0	1.0	1.0
rs541113068	150993498	C	T			
rs974190956	150993504	C	T	1.0	1.0	1.0
.	150993506	C	T			
.	150993514	G	A			
rs564062480	150993546	C	T			
rs77996223	150993562	A	C			
rs945667047	150993584	C	T	1.0	1.0	1.0
rs546095442	150993585	G	A			
rs563155403	150993614	G	A			
rs531886460	150993616	G	A			
rs1037986494	150993646	G	A	1.0	1.0	1.0
.	150993661	C	T			
.	150993676	TA	T			
rs112116007	150993683	G	A	1.0	1.0	1.0
rs995937652	150993688	G	A			
rs548514235	150993696	G	C	1.0	1.0	1.0
.	150993707	C	T			
rs562390919	150993793	C	T			
rs147771478	150993822	G	A			
.	150993823	TGG	T			
.	150993826	CCCAGGA	C			
rs547845670	150993831	G	A			
.	150993833	G	T			
rs779537885	150993848	C	T			
rs368332097	150993849	G	A	1.0	1.0	1.0
rs768525535	150993878	G	T			
rs199642317	150993881	C	T			
rs372106353	150993882	G	A			
rs556096751	150993904	C	T			
rs199688227	150993922	G	A	1.0	1.0	1.0
rs369900681	150993938	A	G	1.0	1.0	1.0
rs1344640868	150993954	G	T			
rs555740470	150993971	A	G			
rs569623185	150993980	G	A			
.	150993985	A	G			
rs372398690	150994012	C	T	1.0	1.0	1.0
.	150994053	G	A			
rs560511374	150994055	C	A			
rs577673104	150994056	G	T			
rs1289177600	150994082	G	C			
rs3918164	150994085	C	T	1.0	1.0	1.0
rs562739656	150994146	C	T	1.0	1.0	1.0
rs181923512	150994154	G	A	1.0	1.0	1.0
.	150994223	C	A			
.	150994225	GTTTGAC	G			
rs562070571	150994247	T	G			
rs527652494	150994248	A	G			
.	150994320	C	G			
rs150733929	150994330	G	A			
rs564566505	150994344	C	T			
rs3918165	150994352	A	G	1.0	1.0	1.0
rs139087178	150994366	G	A	1.0	1.0	1.0
rs569856598	150994386	G	A			
rs535682342	150994410	C	G			
.	150994422	GGA	G			
.	150994436	A	G			
.	150994454	G	C			
rs368890060	150994492	T	C	1.0	1.0	1.0
rs981773352	150994499	G	A			
rs967220679	150994516	T	G			
rs549278901	150994517	C	T	1.0	1.0	1.0
rs973140177	150994518	G	A	1.0	1.0	1.0
rs1437064734	150994530	C	T			
rs73167644	150994534	A	T			
rs565994416	150994543	A	G			
rs184888624	150994547	A	G			
rs543273416	150994571	G	C			
.	150994600	C	A			
rs577613145	150994601	G	A			
rs1369153060	150994655	C	CAGGGAAGGCTG			
rs189488945	150994692	G	C			
rs961703622	150994728	G	A			
rs536736279	150994762	G	C	1.0	1.0	1.0
rs536736279	150994762	G	T	1.0	1.0	1.0
rs866800529	150994764	G	A			
rs556670102	150994779	A	T	1.0	1.0	1.0
rs971484227	150994800	G	A			
rs576205749	150994807	G	T			
rs117197062	150994810	C	T	1.0	1.0	1.0
rs529761757	150994811	G	A	1.0	1.0	1.0
rs1169668778	150994873	T	TC			
rs562012448	150994906	G	A			
rs572661791	150994919	C	T			
rs541372140	150994927	C	T			
rs564322888	150994932	G	C			
rs533403978	150994952	G	A			
rs371420556	150994956	G	A			
rs563801577	150994961	C	T			
rs56066755	150995007	C	T			
rs145601974	150995022	C	A	1.0	1.0	1.0
rs114531422	150995037	G	A	1.0	1.0	1.0
rs41394247	150995049	C	T	1.0	1.0	1.0
rs976261871	150995050	G	A	1.0	1.0	1.0
rs551694432	150995054	C	T	1.0	1.0	1.0
rs571138341	150995090	C	T			
rs948143344	150995091	G	A			
rs114144563	150995098	G	T	1.0	1.0	1.0
rs556610062	150995111	G	A			
rs567038918	150995135	G	A			
rs1296000768	150995168	C	A			
rs759884188	150995180	AC	A			
rs201405443	150995205	C	G			
rs752309888	150995216	C	T			
rs147733456	150995275	G	A	1.0	1.0	1.0
rs147733456	150995275	G	C	1.0	1.0	1.0
rs967242371	150995278	C	T			
rs555547256	150995284	C	T			
rs572649815	150995299	C	T			
rs541352173	150995305	G	A	1.0	1.0	1.0
rs748138290	150995322	C	T			
rs181242083	150995323	G	A			
rs200007787	150995324	G	A	1.0	1.0	1.0
rs201881217	150995327	T	C			
rs201144173	150995342	G	A	1.0	1.0	1.0
rs1800781	150995356	G	A	1.0	1.0	1.0
rs112325989	150995357	G	A	1.0	1.0	1.0
rs559273152	150995369	T	C	1.0	1.0	1.0
rs943054845	150995385	C	T	1.0	1.0	1.0
rs528320623	150995414	T	C			
rs551361862	150995430	A	G			
.	150995446	T	C			
rs61760649	150995451	A	G			
rs879864966	150995478	C	T			
rs530389255	150995502	C	G			
rs530389255	150995502	C	A			
.	150995529	ACTCTCCCCCATCCCACCCCTGCACCCCTTTCCCCCCTCCCACCCCTGCACCCTTCCTCCCTCTCCCCCCGTCCCCTGCCTGCATTCCTCCTCCCTCTCCCCATCTCACCCCTGCACCC	A			
rs1282991717	150995532	CTCCCCCATCCCACCCCTGCACCCCTT	C			
.	150995533	T	TG			
rs142653113	150995535	C	T	1.0	1.0	1.0
.	150995538	CATCCCACCCCTGCACCCCTTTCCCCCCTCCCACCCCTGCACCCTTCCTCCCTCTCCCCCCGTCCCCTGCCTGCATTCCTCCTCCCTCTCCCCATCTCACCCCTGCACCCCTCTTCCCT	C			
.	150995539	AT	A			
.	150995539	ATCCCACCCCTGCACCCCTTTCCCCCCTCCCACCCCTGCACCCTTCCTCCCTCTCCCCCCGTCCCCTGCCTGCATTCCTCCTCCCTCTCCCCATCTCACCCCTGCACCCCTCTTCCCTCTCCCACCCCTGCACCCCTCCTCCCTCTCCCCG	A			
.	150995539	ATCCCACCCCTGCACCCCTTTCCCCCCTCCCACCCCTGCACCCTTCCTCCCTCTCCCCCCGTCCCCTGCCTGCATTCCTCCTCCCTCTCCCCATCTCACCCCTGCACCCCTCTTCCCTCTCCCACCCCTGCACCCCTCCTCCCTCTCCCCGTCCCACCCTGCACTCCCGCCCTCTCCAGCG	A			
.	150995540	T	TG			
.	150995545	CCCCTGCACCCCTTTCCCCCCTCCCACCCCTGCACCCTTCCTCCCTCTCCCCCCGTCCCCTGCCTGCATTCCTCCTCCCTCTCCCCATCTCACCCCTGCACCCCTCTTCCCTCTCCCACCCCTGCACCCCTCCTCCCTCTCCCCGTCCCA	C			
.	150995548	C	T			
rs13310763	150995551	C	T			
.	150995556	CTT	C			
.	150995556	CTTTCCCCCCTCCCACCCCTGCACCCT	C			
.	150995558	TTCCCCCCTCCCACCCCTGCACCCTTCCTCCCTCTCCCCCCGTCCCCTGCCTGCATTCCTCCTCCCTCTCCCCATCTCACCCCTGCACCCCTCTTCCCTCTCCCACCCCTGCACCCCTC	T			
.	150995562	CCCCTCCCACCCCTGCACCCTTCCTCCCTCTCCCCCCGTCCCCTGCCTGCATTCCTCCTCCCTCTCCCCATCTCACCCCTGCACCCCTCTTCCCTCTCCCACCCCTGCACCCCTCCT	C			
.	150995565	CTCCCACCCCTGCACCCTTCCTCCCTCTCCCCCCGTCCCCTGCCTGCATTCCTCCTCCCTCTCCCCATCTCACCCCTGCACCCCTCTTCCCTCTCCCACCCCTGCACCCCTCCTCCCTCTCCCCG	C			
.	150995566	T	TCTGC			
.	150995574	C	CACCCT			
.	150995593	C	CCCCATCCCACCCCTGCACCCTTCCTCCCTCTGCCCCCGTCCCACGCCTGTACTCCTCCTCCCTCTCCCCCGTCACACCCCTGCACCCCTCCTCCCTCTCCCCATCCCATCCCTGCACCCCTCCTCCCTCTGCCCCCGTCCCACCCCTAAACCCCTCCTCCCTCTGCCCCACCCCACCCTTGCACCCCTCCTCCCTCTT			
.	150995593	C	CCCCCATCCCACCCCTGCACCCCCTCCCATCCCACCTCTAAACCCCTCCTCCCTCTCCCCCGTCCCACCCCTAAACCCCACCTCCCTGTCCCCCTCTAAACCCCTCCTCCCTGTCCCCCTCTAAACCCCTCCTCCCTCTCCCCATCCCACCCCTGCACCCTTCCTCCCTCTGCCCCCGTCCCACGCCTGTACTCCTCCTCCCTCTCCCCCGTCACACCCCTGCACCCCTCCTCCCTCTCCCCATCCCATCCCTGCACCCCTCCTCCCTCTGCCCCCGTCCCACCCCTAAACCCCTCCTCCCTCTGCCCCACCCCACCCTTGCACCCCTCCTCCCTCTT			
.	150995593	C	CCCCCATCCCACCCCTGCACCCCTCCCATCCCACCTCTAAACCCCTCCTCCCTCTCCCCCGTCCCACCCCTAAACCCCACCTCCCTGTCCCCCTCTAAGCCCCTCCTCCCTCTT			
.	150995593	C	CCCCCATCCCACCCCTGCCCCCCCTCCCATCCCACCTCTAAACCCCTCCTCCCTCTCCCCCGTCCCACCCCTAAACCCCACCTCCCTGTCCCCCTCTAAACCCCTCCTCCCTGTCCCCATCCCACCCCTGCACCCTTCCTCCCTCTGCCCCCGTCCCACGCCTGTACTCCTCCTCCCTCTCCCCCGTCACACCCCTGCACCCCTCCTCCCTCTCCCCATCCCATCCCTGCACCCCTCCTCCCTCTGCCCCCGTCCCACCCCTAAACCCCTCCTCCCTCTGCCCCACCCCACCCTTGCACCCCTCCTCCCTCTT			
.	150995593	C	CCCCCATCCCACCCCTGCCCCCCCTCCCATCCCACCTCTAAACCCCTCCTCCCTCTCCCCCGTCCCACCCCTAAACCCCACCTCCCTGTCCCCCTCTAAACCCCTCCTCCCTGTCCCCCTCTAAACCCCACCTCCCTCTCCCCATCCCACCCCTGCACCCTTCCTCCCTCTGCCCCCGTCCCACCCCTAAACCCCTCCTCCCTCTGCCCCACCCCACCCTTGCACCCCTCCTCCCTCTT			
.	150995593	C	CCCCCATCCCACCCCTGCCCCCCCTCCCATCCCACCTCTAAACCCCTCCTCCCTCTCCCCCGTCCCACCCCTAAACCCCACCTCCCTGTCCCCCTCTAAGCCCCTCCTCCCTCTT			
.	150995593	C	CCCCCATCCCACCCCTGCCCCCCCTCCCATCCCACCTCTAAACCCCTCCTCCCTCTCCCCCGTCCCACCCCTAAACCCCACCTCCCTGTT			
.	150995593	C	CCCCCATCCCACCCCTGCCCCCGCTCCCATCCCACCTCTAAACCCCTCCTCCCTCTCCCCCGTCCCACCCCTAAACCCCACCTCCCTGTCCCCCTCTAAACCCCTCCTCCCTCTGCCCCACCCCACCCTTGCACCCCTCCTCCCTCTT			
rs13310774	150995593	C	G	1.0	1.0	1.0
rs1273875179	150995636	ACCCCTGCACCCCTCTTCCCTCTCC	A	1.0	1.0	1.0
.	150995643	C	A			
rs1248842708	150995645	C	T			
rs201875909	150995647	CCT	C	1.0	1.0	1.0
rs1271339212	150995648	CT	C	1.0	1.0	1.0
.	150995650	CT	C			
rs1388933665	150995651	T	C	1.0	1.0	1.0
rs868052553	150995657	C	G			
rs980318335	150995662	A	C			
rs1296768245	150995668	G	C			
.	150995669	C	CTCCCTGTCCCCCTCTAA			
rs1048564290	150995675	T	A			
rs1563209871	150995696	C	CT			
rs186749171	150995719	G	A	1.0	1.0	1.0
rs1356614565	150995749	C	T	1.0	1.0	1.0
rs1563210279	150995787	ACCCACCCCTGCACCCCTCCTCCCTCTCCCCCGT	A	1.0	1.0	1.0
rs182587694	150995822	C	T	1.0	1.0	1.0
rs980287707	150995885	A	G	1.0	1.0	1.0
rs1343502106	150995896	A	G	1.0	1.0	1.0
rs1202209149	150995897	A	C	1.0	1.0	1.0
rs1408756587	150995902	C	T			
rs1482798595	150995919	T	C	1.0	1.0	1.0
rs1159583345	150995935	T	C	1.0	1.0	1.0
.	150995946	C	CA			
rs1428622257	150995950	G	A	1.0	1.0	1.0
rs1305782485	150995954	C	T	1.0	1.0	1.0
rs1410751078	150995956	T	C	1.0	1.0	1.0
rs566127014	150995965	C	T	1.0	1.0	1.0
rs535250351	150995967	T	C	1.0	1.0	1.0
rs558140698	150995969	C	A	1.0	1.0	1.0
rs183390210	150995972	C	A	1.0	1.0	1.0
rs568725328	150995977	T	TC	1.0	1.0	1.0
rs1266379334	150995988	T	C	1.0	1.0	1.0
rs189182405	150995999	C	T			
rs922381243	150996021	A	C			
rs1221689957	150996082	A	C			
rs866252939	150996156	T	C	1.0	1.0	1.0
rs1211429563	150996193	T	C	1.0	1.0	1.0
rs574123559	150996195	C	T	1.0	1.0	1.0
rs1448822363	150996205	T	C	1.0	1.0	1.0
.	150996213	GTCCCACCCCTGCACTTCTCCTCCCTCTCACCCATCCCACCCCTGCACCCTTCTTCCCTCTCCCCCATCCCACCACTGCACCCCTCCTCCCTCTCCCCCTGTTCCACCCCTGCACCCCTCCTCCCTGCCCCCAACTCCCA	G			
rs1344364830	150996218	A	C			
.	150996220	C	G			
.	150996223	T	A			
.	150996225	C	T			
.	150996242	ACCCATCCCACCCCTGCACCCTTCTTCCCTCTCCCCCATCCCACCACTGCACCCCTCCTCCCTCTCCCCCTGTTCCACCCCTGCACCCCTCCTCCCTGCCCCCAACT	A			
rs961316434	150996246	A	G			
rs543128834	150996248	C	G			
rs1489167779	150996251	A	C			
rs1366416469	150996254	CCTGCACCCTTCTTCCCTCTCCCCCATCCCACCA	C	1.0	1.0	1.0
rs1277835946	150996263	T	C	1.0	1.0	1.0
rs1219519591	150996266	T	C			
.	150996275	CCCCATCCCACCACTGCACCCCTCCTCCCTCTCCCCCTGTTCCACCCCTGCACCCCTCCTCCCTGCCCCCAACT	C			
rs367570388	150996279	A	C	1.0	1.0	1.0
rs1388482424	150996287	A	C	1.0	1.0	1.0
rs1584898813	150996289	T	C			
rs1320354297	150996296	C	T	1.0	1.0	1.0
rs922348822	150996326	A	C			
rs1362741237	150996336	C	A	1.0	1.0	1.0
rs11974098	150996342	C	G	1.0	1.0	1.0
rs528243909	150996343	C	T			
rs3918166	150996468	G	A			
rs3918166	150996468	G	C			
rs200136447	150996479	G	A			
rs1454683234	150996494	G	A			
rs201788333	150996497	C	G	1.0	1.0	1.0
rs149224629	150996510	A	T	1.0	1.0	1.0
rs143324164	150996515	C	T	1.0	1.0	1.0
rs148359917	150996516	G	A			
rs780434791	150996566	G	A			
rs368647044	150996569	C	T			
rs370647945	150996594	A	T			
rs534873019	150996595	G	C			
rs551952882	150996597	C	T			
rs551213514	150996600	CAGAA	C			
rs1035029611	150996609	C	T	1.0	1.0	1.0
rs144900574	150996614	C	T	1.0	1.0	1.0
rs537728048	150996656	C	T			
rs557718160	150996657	G	A			
rs3730001	150996746	A	G	1.0	1.0	1.0
rs201297780	150996767	G	A	1.0	1.0	1.0
rs553156572	150996781	C	T			
rs200774720	150996808	C	G	1.0	1.0	1.0
rs141456642	150996809	G	A			
rs376724956	150996846	G	A			
rs371109217	150996847	C	T			
rs145711802	150996859	C	A			
rs544086211	150996941	G	A			
rs375190779	150996958	G	T			
rs560880085	150996962	C	T	1.0	1.0	1.0
rs556567998	150996971	G	A			
rs546592307	150996974	C	T			
rs559954070	150996975	G	A			
rs1029252009	150996996	AG	A	1.0	1.0	1.0
rs1441871839	150997001	T	TC			
rs532229428	150997062	G	A	1.0	1.0	1.0
rs1162529732	150997095	CA	C			
rs148918962	150997098	G	A	1.0	1.0	1.0
.	150997130	A	T			
rs61722009	150997169	A	AGAAGTCTAGACCTGCTGCAGGGGTGAG	1.0	1.0	1.0
rs61722009	150997169	AGAAGTCTAGACCTGCTGCAGGGGTGAG	A	1.0	1.0	1.0
rs1563214058	150997188	AGGGGTGAGGAAGTCTAGACCTGCTGCAGGGGTGAGGAAGTCTAGACCTGCTGCAGGGGTGAGGAAGTCTAGACCTGCTGCG	A	1.0	1.0	1.0
rs3918167	150997242	A	G	1.0	1.0	1.0
rs1490508958	150997242	A	AGGGGTGAGGAAGTCTAGACCTGCTGCG			
rs1490508958	150997242	AGGGGTGAGGAAGTCTAGACCTGCTGCG	A			
rs956510711	150997254	G	A	1.0	1.0	1.0
rs578239235	150997286	G	A			
rs539240045	150997293	T	C			
rs1160009825	150997298	G	A			
rs1271517625	150997331	G	A			
rs143651412	150997334	G	A			
.	150997351	C	G			
rs567975316	150997359	T	C			
rs1217378220	150997369	C	G			
rs1584900236	150997370	T	G			
.	150997376	C	A			
rs1008720895	150997407	C	T			
rs536211166	150997461	C	T			
rs565957833	150997469	G	A	1.0	1.0	1.0
rs553333384	150997473	C	T			
rs573204921	150997474	G	A	1.0	1.0	1.0
rs188378451	150997502	A	C	1.0	1.0	1.0
rs558819207	150997505	C	T			
rs558819207	150997505	C	A			
rs148126394	150997511	T	C	1.0	1.0	1.0
rs3918169	150997518	A	G	1.0	1.0	1.0
rs373102098	150997529	C	T	1.0	1.0	1.0
rs369951561	150997583	C	G			
rs554967255	150997640	G	A			
rs568368586	150997653	C	A	1.0	1.0	1.0
rs542742618	150997739	G	C	1.0	1.0	1.0
rs540203327	150997756	A	G	1.0	1.0	1.0
rs561363077	150997775	G	C			
rs532042597	150997780	G	A			
rs545859228	150997783	C	T			
rs58296114	150997807	C	T	1.0	1.0	1.0
rs867913286	150997817	C	T			
rs1043190695	150997819	T	C	1.0	1.0	1.0
rs141286937	150997820	G	A			
rs576356280	150997821	C	T			
rs892321531	150997836	CAT	C	1.0	1.0	1.0
rs959698159	150997850	C	T			
rs567910513	150997887	G	A			
rs1193850563	150997897	CAG	C			
.	150997912	A	C			
rs145492358	150997965	C	T			
rs547020698	150997992	G	A	1.0	1.0	1.0
rs566843068	150998035	C	T			
rs538685025	150998039	C	T	1.0	1.0	1.0
rs772989559	150998089	G	A			
.	150998090	A	C			
rs3918170	150998096	T	C	1.0	1.0	1.0
rs569027288	150998105	C	A			
rs3793342	150998107	G	A	1.0	1.0	1.0
rs3793341	150998126	A	G	1.0	1.0	1.0
rs1005269170	150998148	C	G			
rs574330400	150998157	G	A			
rs115380064	150998173	C	T	1.0	1.0	1.0
rs553807801	150998179	G	T			
rs368796030	150998181	G	A			
rs1293343007	150998237	G	C			
rs576742112	150998288	C	G			
rs200615246	150998307	C	T	1.0	1.0	1.0
rs577311398	150998312	C	T			
rs142683800	150998337	C	T			
rs767031980	150998342	C	T			
rs369973806	150998455	G	GC			
rs200058561	150998498	G	C			
rs560622560	150998504	G	A			
rs372504491	150998532	G	A			
rs150576137	150998542	G	A	1.0	1.0	1.0
rs547250013	150998588	C	T	1.0	1.0	1.0
rs567077361	150998617	C	T			
rs1549758	150998638	T	C	1.0	1.0	1.0
rs552165450	150998640	G	A			
rs527753775	150998641	C	G			
rs35281220	150998665	C	T			
rs1490923378	150998678	G	A			
rs201382540	150998690	G	A	1.0	1.0	1.0
rs554674844	150998715	A	G	1.0	1.0	1.0
rs568221767	150998717	G	A			
rs533766942	150998746	G	T	1.0	1.0	1.0
rs1311229737	150998750	C	T			
rs553998791	150998751	G	A			
rs908821700	150998771	G	C			
rs776890230	150998781	G	A	1.0	1.0	1.0
rs577072124	150998800	A	G	1.0	1.0	1.0
rs35795287	150998811	A	C	1.0	1.0	1.0
rs192872815	150998821	G	A			
rs769897501	150998830	C	T			
rs373204732	150998871	A	G			
rs541931774	150998891	C	T			
rs561794901	150998896	G	A			
rs201145456	150998917	C	G	1.0	1.0	1.0
rs1007311	150998920	A	G	1.0	1.0	1.0
rs560799583	150998925	C	G			
rs142721517	150998957	G	C	1.0	1.0	1.0
rs552501121	150998961	G	A	1.0	1.0	1.0
rs562526133	150998967	A	G			
rs9282803	150998978	C	T	1.0	1.0	1.0
rs1584901988	150998987	C	T			
rs149539813	150998988	G	A			
rs9282804	150998990	C	T	1.0	1.0	1.0
rs1799983	150999023	T	G	1.0	1.0	1.0
rs777086988	150999104	G	A			
rs202077817	150999149	G	A			
rs570671592	150999158	G	A			
rs369937278	150999161	G	T	1.0	1.0	1.0
rs149255032	150999183	C	T	1.0	1.0	1.0
rs576087004	150999185	C	T			
rs184222022	150999215	C	T	1.0	1.0	1.0
rs745799975	150999218	C	G			
rs370490675	150999226	C	T			
rs749115207	150999227	G	A			
rs555409752	150999286	C	T			
rs572058640	150999320	G	A			
rs144299379	150999325	G	A			
rs144299379	150999325	G	C			
rs144439682	150999373	C	G	1.0	1.0	1.0
rs144439682	150999373	C	T	1.0	1.0	1.0
rs73472532	150999385	C	G	1.0	1.0	1.0
rs749897441	150999392	C	T			
rs1386085649	150999411	C	A	1.0	1.0	1.0
rs577056206	150999458	A	G			
rs546065547	150999506	C	T	1.0	1.0	1.0
rs567772860	150999542	AGGGGTGTGTGTG	A	1.0	1.0	1.0
rs866481644	150999568	G	A			
rs562862206	150999578	G	A			
.	150999581	T	G			
rs898562165	150999593	G	A	1.0	1.0	1.0
rs556533384	150999621	TGTG	T	1.0	1.0	1.0
rs1419891337	150999635	T	G			
rs895833828	150999646	CTG	C			
rs1199725651	150999656	G	A			
rs1318491185	150999667	T	C	1.0	1.0	1.0
.	150999681	T	G			
rs531562050	150999711	T	C			
.	150999711	T	G			
rs1279821850	150999748	G	A			
rs1273370476	150999749	G	A			
.	150999759	G	T			
.	150999798	T	A			
rs548186450	150999802	A	G	1.0	1.0	1.0
rs1470845725	150999811	C	T	1.0	1.0	1.0
rs1432441009	150999838	GGTGA	G			
rs1410459391	150999839	G	T			
rs1376444233	150999840	T	C			
rs1391184831	150999852	A	G			
rs374436628	150999868	C	T	1.0	1.0	1.0
rs1563218141	150999868	CGAGTGTGGGTTTGTGGGGTGTGTAGGGGTGAGTGTGTGTGAGTTTGTAGGGGTAGGT	C			
.	150999875	G	A			
.	150999879	T	A			
rs1239813902	150999891	T	C	1.0	1.0	1.0
rs1302724318	150999895	GGTGA	G	1.0	1.0	1.0
rs536801626	150999896	G	A	1.0	1.0	1.0
rs576442401	150999924	G	A			
rs111161473	150999925	T	C			
.	150999925	TGAGTGTGGGTTTGTGGGGTGTGTAGGGGGTGTGTGTGGGCTTGTAGGGGTAGGC	T			
.	150999930	G	A			
rs527778881	150999945	G	A			
rs547910779	150999956	G	C	1.0	1.0	1.0
rs570540029	150999980	G	A			
rs3918171	151000007	G	A	1.0	1.0	1.0
rs3918172	151000008	C	T	1.0	1.0	1.0
rs569983057	151000025	G	T			
rs925064433	151000058	G	A	1.0	1.0	1.0
rs374470205	151000118	G	A	1.0	1.0	1.0
.	151000131	A	T			
rs1165272474	151000142	G	C			
rs926130828	151000149	G	C			
rs991076632	151000177	G	T	1.0	1.0	1.0
rs3918174	151000206	A	G	1.0	1.0	1.0
rs887897055	151000221	T	G			
rs1541861	151000245	C	A	1.0	1.0	1.0
rs557860221	151000254	A	G			
rs576994408	151000293	A	G	1.0	1.0	1.0
rs73472536	151000299	G	A	1.0	1.0	1.0
.	151000303	G	A			
.	151000337	G	T			
rs114428415	151000394	C	T	1.0	1.0	1.0
rs1031946808	151000419	G	A			
rs576331177	151000437	C	T			
rs542555968	151000443	C	T	1.0	1.0	1.0
rs201400058	151000451	C	G	1.0	1.0	1.0
rs747973135	151000452	G	A			
rs527718720	151000453	T	C			
rs41385244	151000459	C	T	1.0	1.0	1.0
rs769882368	151000460	C	T			
rs564627807	151000564	G	A			
rs533126639	151000633	G	T			
rs3730002	151000644	G	A	1.0	1.0	1.0
rs373358380	151000650	A	G	1.0	1.0	1.0
rs529200911	151000659	G	A			
.	151000660	G	A			
rs1407915505	151000681	A	G	1.0	1.0	1.0
rs1018130052	151000681	ATT	A			
rs549301194	151000712	A	G			
rs3918175	151000719	G	T	1.0	1.0	1.0
rs192330881	151000723	C	T			
rs557531513	151000725	T	A			
rs542764721	151000741	G	T			
rs142463758	151000743	G	A			
rs539597585	151000751	G	C	1.0	1.0	1.0
rs556336222	151000757	G	A			
rs184841871	151000765	G	T			
rs542143130	151000778	C	A			
rs556054837	151000779	T	C			
rs556054837	151000779	T	A			
rs572323988	151000788	C	T	1.0	1.0	1.0
.	151000788	C	A			
rs541431534	151000789	G	A			
rs564531486	151000828	T	C			
rs762366283	151000867	A	G			
rs76070680	151000872	G	A			
rs151336879	151000939	C	T	1.0	1.0	1.0
.	151000953	G	T			
rs563465038	151000956	G	A			
.	151001001	G	A			
rs73472537	151001008	G	A	1.0	1.0	1.0
rs374310294	151001082	G	C			
rs765650558	151001089	T	C			
rs140602893	151001090	T	C	1.0	1.0	1.0
rs565978617	151001128	T	A	1.0	1.0	1.0
rs528031713	151001137	G	A			
rs28763996	151001164	G	A	1.0	1.0	1.0
rs1418508399	151001165	G	A	1.0	1.0	1.0
rs548106656	151001174	G	A			
rs536740357	151001177	T	C	1.0	1.0	1.0
rs189155703	151001181	C	T	1.0	1.0	1.0
rs569891830	151001182	G	A			
rs181009441	151001213	C	T	1.0	1.0	1.0
rs555751737	151001252	G	A	1.0	1.0	1.0
rs150935488	151001261	G	A			
rs534664057	151001263	C	T			
rs141089940	151001264	G	A			
rs578101703	151001268	C	T	1.0	1.0	1.0
rs543920266	151001278	C	T			
rs563793183	151001297	G	A	1.0	1.0	1.0
rs755294998	151001311	G	C			
rs375829467	151001313	G	C	1.0	1.0	1.0
rs145805216	151001417	C	T			
rs369617950	151001451	G	A			
.	151001485	G	A			
rs748999294	151001521	C	G			
rs773979312	151001536	C	G			
rs772759381	151001567	C	T			
rs542813855	151001568	G	C	1.0	1.0	1.0
rs138269110	151001579	C	G			
rs200536042	151001580	G	A			
rs528382385	151001599	C	T	1.0	1.0	1.0
rs149990866	151001600	C	T	1.0	1.0	1.0
rs200180178	151001607	G	A	1.0	1.0	1.0
rs184673630	151001626	C	T			
rs201948838	151001637	C	T	1.0	1.0	1.0
rs567038837	151001690	A	C			
rs535634518	151001740	G	A	1.0	1.0	1.0
rs1800780	151001791	A	G	1.0	1.0	1.0
rs376423985	151001816	C	T	1.0	1.0	1.0
rs201216025	151001835	C	T			
rs755905128	151001906	C	T			
rs139628271	151001942	T	C			
rs200140102	151001989	G	C	1.0	1.0	1.0
rs747288324	151001997	G	T	1.0	1.0	1.0
rs199666561	151002012	A	G			
rs3730003	151002072	A	C	1.0	1.0	1.0
rs557448817	151002111	T	C	1.0	1.0	1.0
rs189701253	151002157	C	A			
rs1800782	151002162	G	T	1.0	1.0	1.0
rs749914667	151002163	G	A			
rs147410968	151002208	T	C			
rs181342641	151002228	T	C			
rs185916883	151002230	T	G			
rs202072373	151002235	C	T			
rs530391514	151002280	T	C			
rs145181838	151002327	C	T	1.0	1.0	1.0
.	151002347	C	T			
rs760919555	151002383	AACACACACAC	A	1.0	1.0	1.0
rs58116654	151002383	AACACACACACACACAC	A	1.0	1.0	1.0
rs3138808	151002383	A	AAC	1.0	1.0	1.0
rs3138808	151002383	A	AACAC	1.0	1.0	1.0
rs3138808	151002383	A	AACACAC	1.0	1.0	1.0
rs3138808	151002383	A	AACACACAC	1.0	1.0	1.0
rs3138808	151002383	A	AACACACACAC	1.0	1.0	1.0
rs3138808	151002383	A	AACACACACACAC	1.0	1.0	1.0
.	151002383	A	AACACACACACACAC			
rs3138808	151002383	A	AACACACACACACACAC	1.0	1.0	1.0
.	151002383	A	AACACACACACACACACAC			
.	151002383	A	AACACACACACACACACACAC			
rs3138808	151002383	AAC	A	1.0	1.0	1.0
rs3138808	151002383	AACAC	A	1.0	1.0	1.0
rs3138808	151002383	AACACAC	A	1.0	1.0	1.0
rs3138808	151002383	AACACACAC	A	1.0	1.0	1.0
rs3138808	151002383	AACACACACACAC	A	1.0	1.0	1.0
rs3138808	151002383	AACACACACACACAC	A	1.0	1.0	1.0
rs3138808	151002383	AACACACACACACACACAC	A	1.0	1.0	1.0
rs3138808	151002383	AACACACACACACACACACAC	A	1.0	1.0	1.0
rs3138808	151002383	AACACACACACACACACACACAC	A	1.0	1.0	1.0
rs3138808	151002383	AACACACACACACACACACACACAC	A	1.0	1.0	1.0
rs3138808	151002383	AACACACACACACACACACACACACAC	A	1.0	1.0	1.0
rs3138808	151002383	AACACACACACACACACACACACACACAC	A	1.0	1.0	1.0
rs3138808	151002383	AACACACACACACACACACACACACACACAC	A	1.0	1.0	1.0
rs3138808	151002383	AACACACACACACACACACACACACACACACAC	A	1.0	1.0	1.0
rs3138808	151002383	AACACACACACACACACACACACACACACACACAC	A	1.0	1.0	1.0
rs3138808	151002383	AACACACACACACACACACACACACACACACACACAC	A	1.0	1.0	1.0
.	151002383	AACACACACACACACACACACACACACACACACACACAC	A			
rs3138808	151002383	AACACACACACACACACACACACACACACACACACACACAC	A	1.0	1.0	1.0
.	151002383	AACACACACACACACACACACACACACACACACACACACACACACAC	A			
rs1292607650	151002413	C	T			
.	151002433	C	T			
rs1488859577	151002444	ACACACACACG	A	1.0	1.0	1.0
rs1187773529	151002446	ACACACACG	A	1.0	1.0	1.0
rs1254696885	151002448	ACACACG	A	1.0	1.0	1.0
rs984883235	151002450	A	G			
rs1308819991	151002450	ACACG	A	1.0	1.0	1.0
rs1491492646	151002452	ACG	A	1.0	1.0	1.0
rs529794433	151002453	C	T			
rs983350059	151002492	C	G			
rs1223789174	151002513	C	T			
.	151002514	G	T			
rs75528901	151002523	C	G	1.0	1.0	1.0
rs190683491	151002568	C	T			
rs111687611	151002569	G	A	1.0	1.0	1.0
rs141306332	151002584	C	T	1.0	1.0	1.0
rs571977408	151002593	G	A	1.0	1.0	1.0
rs113866928	151002619	A	G	1.0	1.0	1.0
rs548504366	151002652	C	A			
rs567616581	151002681	T	C			
rs975706938	151002692	G	A			
.	151002696	T	C			
rs145039520	151002710	A	G	1.0	1.0	1.0
rs187676561	151002758	A	C			
rs536733440	151002765	C	G	1.0	1.0	1.0
rs2853792	151002789	G	A	1.0	1.0	1.0
rs572964068	151002800	C	A			
rs544819201	151002801	C	T			
rs750598579	151002804	C	CATTTT	1.0	1.0	1.0
.	151002804	C	CATTTTATTTT			
rs373885412	151002804	CATTTT	C			
rs148893688	151002806	TTTTATTTTA	T	1.0	1.0	1.0
rs1584906342	151002844	T	C			
rs3918176	151002846	C	T	1.0	1.0	1.0
rs575182058	151002847	G	A	1.0	1.0	1.0
rs559284533	151002864	T	TG	1.0	1.0	1.0
rs544148063	151002869	T	C	1.0	1.0	1.0
rs3918177	151002893	C	T	1.0	1.0	1.0
rs1387424085	151002962	C	G			
rs980327719	151002981	A	G			
.	151003009	C	A			
rs190696356	151003042	A	T			
rs755429598	151003140	CT	C			
rs540303944	151003152	G	A			
rs780245632	151003195	G	A	1.0	1.0	1.0
rs79467411	151003203	G	A	1.0	1.0	1.0
.	151003224	C	CA			
rs528654243	151003244	A	C			
rs552004899	151003258	T	G			
rs182992167	151003304	T	C	1.0	1.0	1.0
rs1166076035	151003307	A	G			
rs531218898	151003312	G	A			
rs140965459	151003334	C	T	1.0	1.0	1.0
rs541591112	151003345	C	CT			
rs1009836340	151003378	G	A	1.0	1.0	1.0
.	151003386	A	G			
rs143125350	151003395	C	G			
rs143125350	151003395	C	T			
rs550437453	151003396	G	A			
rs566634635	151003402	A	G			
rs187652305	151003405	C	T			
rs763987991	151003406	G	A			
rs111811602	151003425	C	A	1.0	1.0	1.0
rs2566508	151003427	T	G	1.0	1.0	1.0
rs544088198	151003433	T	C			
rs983845292	151003453	C	T	1.0	1.0	1.0
rs570209463	151003523	G	A	1.0	1.0	1.0
rs574349736	151003533	T	C	1.0	1.0	1.0
.	151003539	T	G			
rs73167652	151003549	A	G	1.0	1.0	1.0
rs148284766	151003572	T	C	1.0	1.0	1.0
.	151003575	C	G			
rs532240232	151003688	C	T			
rs373698468	151003742	C	T	1.0	1.0	1.0
rs1028952316	151003746	G	A	1.0	1.0	1.0
rs545958670	151003779	G	A	1.0	1.0	1.0
rs565461923	151003791	G	T			
rs531154996	151003795	C	T			
rs3918227	151003858	C	A	1.0	1.0	1.0
rs567879056	151003860	A	G			
rs1405726415	151003897	G	A			
.	151003914	A	G			
rs575926196	151003972	G	C	1.0	1.0	1.0
rs530064692	151003980	C	G			
rs960990540	151003981	C	T			
rs546681441	151004004	T	C			
.	151004028	T	A			
rs566575203	151004048	A	G	1.0	1.0	1.0
.	151004061	G	T			
rs760214965	151004075	G	A			
rs370223468	151004104	A	G			
rs1323149912	151004108	G	A			
.	151004113	G	A			
rs7776461	151004153	A	G	1.0	1.0	1.0
rs1055438958	151004162	C	A	1.0	1.0	1.0
.	151004173	C	T			
.	151004187	A	C			
rs3918178	151004191	G	A	1.0	1.0	1.0
rs1458761694	151004206	G	A			
rs3918179	151004210	G	A	1.0	1.0	1.0
rs1266260802	151004212	CTA	C			
.	151004241	CG	C			
rs554816364	151004242	G	A			
rs574645522	151004282	G	A	1.0	1.0	1.0
.	151004291	A	G			
rs1293107108	151004293	G	A			
.	151004304	C	T			
rs534140998	151004363	A	G			
rs1319314426	151004392	G	A			
rs1319314426	151004392	G	T			
rs553477874	151004540	A	G	1.0	1.0	1.0
rs576946949	151004560	C	T			
.	151004575	T	C			
rs545891283	151004590	T	G			
rs542315150	151004597	T	TCGCA			
rs186849056	151004598	C	T			
rs1211327751	151004599	G	A			
.	151004609	T	C			
rs143531681	151004636	T	C	1.0	1.0	1.0
rs544488322	151004642	T	A	1.0	1.0	1.0
rs3918180	151004667	G	A	1.0	1.0	1.0
rs3918181	151004695	G	A	1.0	1.0	1.0
rs547313927	151004708	C	A			
rs949726272	151004734	C	T			
rs60848465	151004748	G	C	1.0	1.0	1.0
rs532401138	151004755	G	A			
rs182553063	151004768	G	A	1.0	1.0	1.0
rs3918228	151004770	G	A	1.0	1.0	1.0
rs116566832	151004813	G	A	1.0	1.0	1.0
rs115533949	151004816	G	A	1.0	1.0	1.0
rs1302866970	151004832	C	T			
rs749327160	151004838	A	ATGTT	1.0	1.0	1.0
rs113307925	151004838	ATGTT	A	1.0	1.0	1.0
rs571188311	151004838	ATGTTTGTT	A	1.0	1.0	1.0
rs531201274	151004838	ATGTTTGTTTGTT	A	1.0	1.0	1.0
rs1181844495	151004887	T	C			
rs187335619	151004919	G	A	1.0	1.0	1.0
.	151004940	C	A			
rs370521303	151004951	C	A	1.0	1.0	1.0
rs554135868	151004961	G	A	1.0	1.0	1.0
rs3918182	151004983	G	A	1.0	1.0	1.0
rs556253071	151005048	C	T	1.0	1.0	1.0
rs576059530	151005049	G	A	1.0	1.0	1.0
rs541955719	151005059	T	C	1.0	1.0	1.0
.	151005090	T	G			
rs3918183	151005103	G	A	1.0	1.0	1.0
rs1013106727	151005120	G	A			
rs571891123	151005127	A	G			
rs3918184	151005131	C	T	1.0	1.0	1.0
rs111403698	151005190	G	C	1.0	1.0	1.0
rs3918185	151005243	G	A	1.0	1.0	1.0
rs564982208	151005266	A	G			
rs770452386	151005282	C	T			
.	151005300	C	T			
rs562587057	151005316	C	T			
rs3918186	151005344	A	T	1.0	1.0	1.0
.	151005419	G	T			
.	151005486	TGA	T			
rs144775222	151005490	A	G			
rs113184915	151005501	C	T	1.0	1.0	1.0
rs3918187	151005503	A	G	1.0	1.0	1.0
rs547679498	151005536	T	C	1.0	1.0	1.0
rs936544134	151005589	G	A			
rs570769413	151005594	C	T			
rs541051253	151005595	G	A			
rs907276004	151005673	G	A	1.0	1.0	1.0
rs556192423	151005684	G	A	1.0	1.0	1.0
rs3918188	151005693	C	A	1.0	1.0	1.0
rs3918188	151005693	C	T	1.0	1.0	1.0
rs555468653	151005708	C	G			
rs530354445	151005793	C	A			
rs540445086	151005808	G	A			
rs554006230	151005816	C	T			
rs577125918	151005819	G	C			
rs948730128	151005845	C	G	1.0	1.0	1.0
rs192284692	151005848	C	T	1.0	1.0	1.0
rs767587561	151005899	G	A			
rs562721969	151005933	A	C	1.0	1.0	1.0
rs2566511	151005953	C	T	1.0	1.0	1.0
rs535636372	151005965	T	G	1.0	1.0	1.0
rs148594703	151005984	T	G	1.0	1.0	1.0
rs562226950	151006000	C	T			
rs562226950	151006000	C	A			
rs371839509	151006001	G	A			
rs547617112	151006013	C	A	1.0	1.0	1.0
rs1382114159	151006014	C	T			
rs3918229	151006042	C	A			
rs3918229	151006042	C	T			
rs3918189	151006043	G	A	1.0	1.0	1.0
rs550134445	151006092	T	C	1.0	1.0	1.0
rs372654072	151006130	T	TA	1.0	1.0	1.0
rs3918190	151006130	T	TAA	1.0	1.0	1.0
rs2853795	151006154	A	G	1.0	1.0	1.0
rs535457730	151006159	C	T			
.	151006160	G	GT			
rs1333719480	151006174	A	G	1.0	1.0	1.0
rs570631209	151006205	C	T			
rs1049860204	151006226	T	C			
.	151006240	T	TCTTATCA			
rs944257917	151006248	C	T			
rs946336522	151006248	CTT	C			
.	151006276	CA	C			
rs185469560	151006307	A	G			
rs189182626	151006349	C	G	1.0	1.0	1.0
rs374477075	151006421	C	T			
rs777945655	151006456	C	T			
rs145168353	151006479	G	A			
rs145168353	151006479	G	T			
rs775196686	151006482	C	T			
rs144881606	151006483	G	A	1.0	1.0	1.0
rs765291081	151006523	G	A			
rs3729625	151006604	C	T			
rs926207597	151006604	CA	C	1.0	1.0	1.0
rs576321738	151006609	G	T	1.0	1.0	1.0
rs3834873	151006654	C	CT	1.0	1.0	1.0
rs542215416	151006677	C	A			
rs561993605	151006700	A	C			
rs1015268396	151006731	C	A			
rs3918191	151006734	G	T	1.0	1.0	1.0
rs1026952835	151006755	C	T	1.0	1.0	1.0
rs1006771127	151006779	CT	C	1.0	1.0	1.0
.	151006787	T	TC			
rs531235138	151006799	A	T			
rs34372288	151006804	C	T	1.0	1.0	1.0
rs554105643	151006812	G	A			
rs550073480	151006819	G	A	1.0	1.0	1.0
rs2853796	151006827	G	T	1.0	1.0	1.0
rs528845460	151006831	G	A			
rs3918192	151006840	T	A	1.0	1.0	1.0
rs565589518	151006841	G	A			
rs534395469	151006845	C	A	1.0	1.0	1.0
.	151006853	C	T			
rs551086550	151006899	A	G			
rs570681394	151006950	C	T			
rs199798957	151006958	G	A			
rs556539002	151006995	G	A			
rs547152209	151007034	G	A	1.0	1.0	1.0
rs369496580	151007054	C	G	1.0	1.0	1.0
rs555722886	151007086	G	A			
rs201515167	151007120	C	T	1.0	1.0	1.0
rs7792133	151007158	G	A	1.0	1.0	1.0
rs2566514	151007162	C	G	1.0	1.0	1.0
rs140717927	151007189	C	T			
rs200567165	151007231	C	T			
rs144370730	151007249	C	T	1.0	1.0	1.0
rs372783097	151007251	G	A			
rs563391462	151007271	T	C			
rs780534863	151007284	C	CG			
rs529187927	151007284	C	T			
rs775113682	151007285	A	G			
rs3730305	151007312	C	A	1.0	1.0	1.0
rs558899370	151007313	C	G			
rs374893931	151007318	G	T			
rs193112107	151007343	C	T			
rs184329901	151007358	T	C	1.0	1.0	1.0
rs3918193	151007391	A	G	1.0	1.0	1.0
rs571017146	151007411	T	C			
rs189178052	151007457	G	A			
rs550345584	151007471	C	T			
rs1365936851	151007488	G	A			
rs1451542834	151007494	G	A			
rs3730306	151007563	C	T	1.0	1.0	1.0
rs146553236	151007599	C	A			
rs796442059	151007666	G	A	1.0	1.0	1.0
rs555815111	151007697	G	A			
rs572444319	151007702	C	G	1.0	1.0	1.0
rs535033419	151007718	T	C	1.0	1.0	1.0
rs994182774	151007724	G	A	1.0	1.0	1.0
.	151007731	G	A			
rs558244120	151007736	G	A			
rs559320581	151007746	TC	T			
rs181122640	151007749	C	T			
rs1017585090	151007749	CG	C			
rs3828997	151007750	G	T			
rs572321236	151007754	C	G			
rs891511	151007755	G	A	1.0	1.0	1.0
.	151007793	T	C			
rs573779076	151007807	C	G			
rs1584909823	151007808	C	T			
rs184322652	151007888	C	T			
rs10595051	151007890	GTTC	G	1.0	1.0	1.0
rs559236630	151007993	T	G			
rs528036154	151008037	T	C			
rs1283506038	151008069	G	T			
rs544606496	151008093	C	T			
rs3918194	151008111	TC	T	1.0	1.0	1.0
.	151008117	G	T			
rs143705061	151008132	A	G			
rs116253356	151008136	T	C	1.0	1.0	1.0
rs1584910006	151008149	T	C			
rs550437143	151008166	G	A			
rs570209659	151008197	A	G			
rs1045927658	151008215	AG	A			
rs754373892	151008216	G	C			
rs372949401	151008232	G	GA	1.0	1.0	1.0
rs112201945	151008237	C	T	1.0	1.0	1.0
rs549619734	151008249	G	A			
rs566387255	151008293	G	A			
rs1201329863	151008296	A	G			
rs369935793	151008337	C	T			
.	151008357	C	T			
rs189069620	151008412	C	T	1.0	1.0	1.0
rs558182681	151008447	C	G	1.0	1.0	1.0
rs554255447	151008448	G	A			
rs537527217	151008458	T	C			
rs557194282	151008507	G	A			
rs1008140	151008522	T	C	1.0	1.0	1.0
rs146829069	151008530	T	G	1.0	1.0	1.0
rs552799938	151008546	C	T			
rs1194942108	151008566	G	A			
rs1269775378	151008622	AAC	A			
.	151008628	C	G			
rs541417696	151008638	C	T			
rs544941342	151008645	C	T			
.	151008650	G	A			
rs564522740	151008655	C	G	1.0	1.0	1.0
rs530457030	151008680	G	A			
rs544261233	151008702	G	A			
rs1017186982	151008724	G	C	1.0	1.0	1.0
rs150147456	151008735	G	C			
rs529440896	151008748	C	A	1.0	1.0	1.0
rs549606847	151008749	C	T	1.0	1.0	1.0
rs1328965665	151008751	TG	T			
rs3918196	151008754	G	A	1.0	1.0	1.0
rs181697105	151008776	T	C			
rs370552047	151008807	C	G			
rs552127885	151008821	T	C			
rs3918231	151008838	C	A			
rs917995776	151008842	A	C			
rs537074829	151008851	C	T			
rs557380561	151008855	G	A			
rs567664983	151008875	C	A			
rs145555620	151008880	G	T	1.0	1.0	1.0
rs777939816	151008884	C	A			
rs200471878	151008894	C	CG	1.0	1.0	1.0
rs148909379	151008926	G	A			
rs1584910536	151008933	G	A			
rs200106471	151008987	T	C			
rs544887797	151009024	G	A			
rs141288865	151009030	G	A			
rs141288865	151009030	G	C			
rs187132464	151009047	C	T			
rs3730006	151009089	G	A	1.0	1.0	1.0
rs3730007	151009102	G	T			
rs117950441	151009148	C	G			
rs540373794	151009153	G	C			
rs6969597	151009158	G	A			
rs201375634	151009162	G	A	1.0	1.0	1.0
rs150225920	151009193	G	C	1.0	1.0	1.0
rs138716215	151009233	C	T			
rs774328421	151009288	G	GC			
rs3918198	151009289	C	A	1.0	1.0	1.0
rs745405515	151009290	C	A			
rs753482	151009295	C	A	1.0	1.0	1.0
.	151009341	T	G			
rs142498418	151009348	G	GC	1.0	1.0	1.0
rs753230057	151009363	T	A	1.0	1.0	1.0
rs1255383763	151009372	A	C			
rs527595098	151009385	T	TC	1.0	1.0	1.0
rs1375458077	151009390	A	C			
rs200183107	151009414	G	C			
rs536326010	151009425	C	T			
.	151009427	C	T			
rs368180942	151009457	C	T			
rs200385697	151009475	T	C			
.	151009512	G	C			
rs137919476	151009533	G	A	1.0	1.0	1.0
rs538467705	151009536	G	A			
rs558767937	151009539	G	A			
rs3918232	151009552	G	A			
rs199636732	151009575	G	A	1.0	1.0	1.0
rs369082701	151009633	G	A	1.0	1.0	1.0
rs963523979	151009644	G	A			
.	151009644	G	C			
rs554263131	151009648	C	T	1.0	1.0	1.0
rs3918200	151009653	C	A	1.0	1.0	1.0
rs540311646	151009673	G	A			
rs560314792	151009728	G	T			
rs573430092	151009761	G	A	1.0	1.0	1.0
.	151009781	A	AT			
.	151009786	C	T			
rs575623732	151009793	C	A			
rs743506	151009827	G	A	1.0	1.0	1.0
rs531110178	151009891	T	A	1.0	1.0	1.0
rs551284888	151009904	T	A			
rs561110289	151009910	A	G			
.	151009912	AAG	A			
rs1173359987	151009965	G	GC	1.0	1.0	1.0
rs1004808442	151009970	C	T			
.	151009973	A	C			
rs530050733	151009994	G	A			
rs1334046244	151010001	C	T	1.0	1.0	1.0
rs546660169	151010002	G	A	1.0	1.0	1.0
rs143462889	151010007	C	T	1.0	1.0	1.0
rs1437471953	151010008	G	A			
rs3730009	151010029	T	C	1.0	1.0	1.0
rs765646083	151010049	ACAT	A			
rs200032919	151010097	C	T			
rs552075241	151010104	A	G			
rs753566332	151010129	G	C			
rs148919189	151010163	C	T	1.0	1.0	1.0
rs145765422	151010165	C	G			
rs201579252	151010169	G	A			
rs34967063	151010224	G	A	1.0	1.0	1.0
rs201601172	151010226	G	A	1.0	1.0	1.0
rs200507709	151010244	C	T			
rs3918201	151010256	G	T	1.0	1.0	1.0
rs200006061	151010304	A	G			
rs13305982	151010316	G	A			
rs3730010	151010327	C	T			
rs544545342	151010328	G	A			
.	151010391	TCTC	T			
.	151010398	G	C			
rs743507	151010400	C	T	1.0	1.0	1.0
rs34919745	151010427	G	A	1.0	1.0	1.0
rs3918202	151010437	G	T	1.0	1.0	1.0
rs560154419	151010462	G	T			
rs532465928	151010480	A	G	1.0	1.0	1.0
rs962689836	151010499	G	T			
.	151010522	T	TG			
rs374709286	151010545	G	A			
rs376535468	151010591	C	T	1.0	1.0	1.0
rs201032611	151010602	C	A			
rs182213442	151010606	C	T			
rs143521490	151010611	C	T			
rs568375533	151010641	G	A	1.0	1.0	1.0
rs534124282	151010650	G	A			
rs553801426	151010668	G	A	1.0	1.0	1.0
rs149654049	151010725	G	T			
rs139739639	151010743	G	A			
rs556239438	151010773	C	T			
rs575721087	151010807	G	A			
rs185903429	151010845	G	A			
rs554801225	151010854	C	T			
rs867225	151010855	G	A	1.0	1.0	1.0
rs540569124	151010860	C	T	1.0	1.0	1.0
rs560090727	151010867	G	A			
rs200134885	151010877	G	A	1.0	1.0	1.0
rs3918234	151010947	A	T			
rs563005534	151010958	G	A			
rs142410645	151010972	C	T			
rs548358307	151010981	C	T	1.0	1.0	1.0
rs756667505	151010986	GGTAA	G			
rs201229125	151010990	A	G			
rs891512	151011001	A	G	1.0	1.0	1.0
rs200294802	151011007	G	A			
rs572950029	151011025	G	A			
rs189870227	151011030	G	A			
rs201399830	151011033	G	A			
rs3918203	151011114	G	A	1.0	1.0	1.0
.	151011121	G	C			
rs149641163	151011127	T	C			
rs10255980	151011210	C	T	1.0	1.0	1.0
rs1808593	151011214	G	T	1.0	1.0	1.0
.	151011242	T	C			
.	151011288	G	C			
rs534204368	151011301	C	T			
rs554057122	151011304	G	A	1.0	1.0	1.0
rs1215676462	151011356	G	A	1.0	1.0	1.0
rs1584912782	151011368	C	CG			
rs66727674	151011369	C	CT	1.0	1.0	1.0
rs78075082	151011369	C	T			
rs968008901	151011414	G	GT	1.0	1.0	1.0
rs968008901	151011414	GT	G	1.0	1.0	1.0
rs894633348	151011415	T	G	1.0	1.0	1.0
rs577133163	151011423	T	C			
rs796519674	151011436	G	A	1.0	1.0	1.0
rs1356022002	151011451	G	A			
rs991948519	151011470	G	A	1.0	1.0	1.0
rs1398250722	151011474	C	G			
rs1314101601	151011475	G	A	1.0	1.0	1.0
rs1226623222	151011498	G	A			
rs1330083411	151011504	C	T			
rs546190179	151011544	G	A			
rs146140682	151011553	A	G	1.0	1.0	1.0
rs182512915	151011566	T	C	1.0	1.0	1.0
rs541989306	151011580	C	G	1.0	1.0	1.0
rs371264947	151011611	CA	C			
rs756881929	151011611	CAA	C	1.0	1.0	1.0
rs371264947	151011611	C	CA			
rs371264947	151011611	CAAA	C			
rs371264947	151011611	CAAAA	C			
rs3918205	151011627	A	T	1.0	1.0	1.0
rs3918206	151011628	A	G	1.0	1.0	1.0
rs561849820	151011631	T	C			
rs527499618	151011683	G	A			
rs547687054	151011684	C	A			
rs374379735	151011715	G	A	1.0	1.0	1.0
rs564375753	151011723	A	G	1.0	1.0	1.0
rs368612838	151011746	G	A	1.0	1.0	1.0
rs2256314	151011762	G	A	1.0	1.0	1.0
rs943583421	151011816	G	T			
rs540435018	151011820	G	A	1.0	1.0	1.0
rs540435018	151011820	G	C	1.0	1.0	1.0
rs3918235	151011835	G	A	1.0	1.0	1.0
.	151011889	A	G			
rs190436918	151011895	G	C	1.0	1.0	1.0
rs183508386	151011984	C	T	1.0	1.0	1.0
rs188452742	151012008	A	T			
rs577460092	151012036	T	A	1.0	1.0	1.0
rs372333091	151012039	TTAAAA	T	1.0	1.0	1.0
rs143637426	151012059	G	A	1.0	1.0	1.0
.	151012140	A	G			
rs564031101	151012153	T	G	1.0	1.0	1.0
rs556501131	151012194	T	A			
rs56254733	151012197	C	T			
rs766677134	151012202	AGTAG	A	1.0	1.0	1.0
rs752004008	151012207	A	ACTC	1.0	1.0	1.0
rs769429878	151012208	GTTGTTTT	G			
rs1360515129	151012208	G	C	1.0	1.0	1.0
.	151012208	G	GTTGTTTT			
.	151012221	TTTTG	T			
rs1213890215	151012225	G	GT	1.0	1.0	1.0
.	151012225	GTTT	G			
rs375435146	151012226	T	G			
rs1463307169	151012231	T	TG	1.0	1.0	1.0
rs113827615	151012235	T	A	1.0	1.0	1.0
rs1244856875	151012235	T	TA	1.0	1.0	1.0
rs1472722301	151012236	A	T	1.0	1.0	1.0
rs894952713	151012237	A	AT	1.0	1.0	1.0
rs374459748	151012241	T	C			
rs562185454	151012260	C	G			
rs898191804	151012277	C	G			
rs572224911	151012288	G	A	1.0	1.0	1.0
rs541235565	151012306	A	T			
rs151262456	151012365	G	A			
rs533251778	151012380	C	A			
.	151012387	G	T			
rs1064353	151012396	C	T			
rs753704844	151012450	G	A			
rs7830	151012483	G	T	1.0	1.0	1.0
rs528894843	151012487	T	A			
rs199658738	151012492	G	C			
.	151012528	G	A			
rs565438167	151012531	G	A			
rs528215012	151012535	G	A			
rs193205608	151012554	G	A	1.0	1.0	1.0
rs114647585	151012596	C	T	1.0	1.0	1.0
rs376032615	151012597	G	A	1.0	1.0	1.0
rs1474915095	151012619	C	G	1.0	1.0	1.0
rs556596231	151012630	G	A	1.0	1.0	1.0
rs3918207	151012674	C	T	1.0	1.0	1.0
rs148542226	151012687	G	A	1.0	1.0	1.0
rs13420	151012701	C	G			
rs12937	151012721	A	G			
rs541583894	151012738	G	A			
rs893687707	151012756	C	T			
rs375180814	151012759	A	G			
rs191612985	151012763	G	A			
rs3918208	151012816	T	C	1.0	1.0	1.0
.	151012820	A	G			
rs73472561	151012892	G	C	1.0	1.0	1.0
rs528809461	151012954	G	C			
rs184091407	151012960	G	A	1.0	1.0	1.0
rs558973131	151012985	G	A			
rs539107428	151013085	ACT	A	1.0	1.0	1.0
rs41483644	151013116	G	A	1.0	1.0	1.0
rs551224618	151013142	T	C	1.0	1.0	1.0
rs570991376	151013158	G	T	1.0	1.0	1.0
rs533384367	151013165	T	G	1.0	1.0	1.0
rs550402766	151013215	G	A			
rs201984388	151013220	G	A			
rs3730011	151013304	G	A			
rs3730011	151013304	G	C			
rs745585290	151013398	G	T			
rs555795574	151013442	C	G	1.0	1.0	1.0
rs566105846	151013474	G	A			
rs1248106499	151013530	C	T			
rs115888621	151013540	A	C	1.0	1.0	1.0
rs1471506662	151013542	G	GCCCGCCTCCTCCCGCCCCTGC	1.0	1.0	1.0
rs902753979	151013552	T	TCCCGCCCCTGC	1.0	1.0	1.0
rs557984323	151013583	C	T			
rs3918209	151013596	G	A			
rs3918210	151013597	C	A			
rs112836412	151013652	C	T	1.0	1.0	1.0
rs573597496	151013656	C	T	1.0	1.0	1.0
rs374925173	151013664	C	T	1.0	1.0	1.0
rs761691385	151013676	C	G			
rs923641425	151013681	G	A			
rs376693013	151013696	G	A			
rs528093884	151013708	C	T	1.0	1.0	1.0
rs77325852	151013712	G	A	1.0	1.0	1.0
rs138104564	151013729	C	T			
rs769519431	151013736	G	T	1.0	1.0	1.0
rs200424809	151013786	C	G	1.0	1.0	1.0
rs144040397	151013792	G	C	1.0	1.0	1.0
rs550098275	151013799	A	G	1.0	1.0	1.0
rs3918211	151013819	T	C	1.0	1.0	1.0
rs529588969	151013846	C	T			
rs549731181	151013864	G	A			
rs566042414	151013871	G	A			
rs201018945	151013882	G	A			
rs199844707	151013885	G	A			
rs1185493767	151013928	G	A	1.0	1.0	1.0
rs201015554	151013929	G	GCGGGC	1.0	1.0	1.0
rs202210233	151013945	C	G			
rs200886969	151013946	G	A			
rs556859497	151013952	G	A	1.0	1.0	1.0
rs373107349	151013970	C	T	1.0	1.0	1.0
rs141211712	151014025	C	T			
rs150714379	151014031	C	T			
rs143054141	151014055	C	A	1.0	1.0	1.0
rs149818096	151014101	G	A	1.0	1.0	1.0
rs148530358	151014115	G	A			
rs564937301	151014140	C	T			
rs151197128	151014175	G	A			
rs376955666	151014198	G	A	1.0	1.0	1.0
.	151014209	TG	T			
rs199762416	151014213	C	G			
rs1584916494	151014228	C	T			
.	151014229	G	C			
.	151014233	A	G			
rs529527080	151014251	C	T			
rs549668191	151014262	G	A			
.	151014330	C	G			
rs560089145	151014335	C	G			
.	151014341	C	T			
rs528444796	151014342	C	T			
rs901217390	151014364	G	T			
rs117078328	151014417	C	G			
.	151014422	G	A			
rs571644639	151014423	C	T			
.	151014423	C	A			
.	151014427	C	CCGCTTCCTGTTTCTTAGT			
rs537135591	151014428	C	T			
rs377732577	151014457	T	C	1.0	1.0	1.0
rs761085505	151014467	C	T			
rs550680447	151014468	T	C			
rs556568807	151014490	T	C			
rs983759152	151014506	A	G			
rs531094458	151014556	TAGG	T	1.0	1.0	1.0
.	151014588	A	G			
rs796651134	151014594	A	C	1.0	1.0	1.0
rs1180266673	151014599	AGTTTTTTTTTTTT	A	1.0	1.0	1.0
rs60923251	151014600	G	GT	1.0	1.0	1.0
.	151014600	G	GTTTTT			
rs1265349762	151014600	GT	G	1.0	1.0	1.0
rs1265349762	151014600	GTT	G	1.0	1.0	1.0
.	151014600	GTTTTTT	G			
rs536042344	151014601	T	G			
rs552808005	151014602	T	G	1.0	1.0	1.0
rs1294043123	151014607	TTTTTTG	T			
rs572793542	151014608	T	G			
rs538971155	151014609	T	G	1.0	1.0	1.0
rs1156946382	151014609	T	TG	1.0	1.0	1.0
rs574892593	151014610	T	G	1.0	1.0	1.0
rs1016402988	151014613	G	GT	1.0	1.0	1.0
rs1016402988	151014613	G	GTT	1.0	1.0	1.0
rs866566532	151014613	G	T	1.0	1.0	1.0
rs1016402988	151014613	GT	G	1.0	1.0	1.0
rs896138218	151014616	T	G			
rs558244974	151014617	T	G	1.0	1.0	1.0
rs1301642265	151014617	T	TG	1.0	1.0	1.0
rs1174614366	151014637	C	T			
rs575228496	151014647	C	T	1.0	1.0	1.0
rs539784986	151014648	G	A			
rs529920503	151014664	A	G			
rs188812697	151014670	G	C	1.0	1.0	1.0
