ID	POS	REF	ALT	ACB_ac	ACB_tc	GWD_ac	GWD_tc	ESN_ac	ESN_tc	MSL_ac	MSL_tc	MbutiPygmy_ac	MbutiPygmy_tc	BiakaPygmy_ac	BiakaPygmy_tc	Mandenka_ac	Mandenka_tc	Yoruba_ac	Yoruba_tc	San_ac	San_tc	BantuSouthAfrica_ac	BantuSouthAfrica_tc	BantuKenya_ac	BantuKenya_tc	YRI_ac	YRI_tc	LWK_ac	LWK_tc	ASW_ac	ASW_tc
rs1216747989	113894126	A	G	0	188	1	232	0	206	0	166	0	24	0	42	0	40	0	42	0	12	0	16	0	20	0	234	0	184	0	104
rs555477197	113894161	G	A	0	188	0	232	0	206	0	166	0	24	0	42	0	40	0	42	0	12	0	16	0	20	0	234	0	184	0	104
rs761650102	113894190	G	A	0	188	0	232	0	206	0	166	0	24	0	42	0	40	0	42	0	12	0	16	0	20	0	234	0	184	0	104
rs192127945	113894191	C	T	0	188	0	232	0	206	0	166	0	24	0	42	0	40	0	42	0	12	0	16	0	20	0	234	0	184	0	104
rs541390447	113894221	T	G	0	188	0	232	0	206	0	166	0	24	0	42	0	40	0	42	0	12	0	16	0	20	0	234	0	184	0	104
rs1019404132	113894230	G	T	0	188	0	232	0	206	0	166	0	24	0	42	0	40	0	42	0	12	0	16	0	20	0	234	0	184	0	104
rs564341222	113894240	G	C	0	188	0	232	0	206	0	166	0	24	0	42	0	40	0	42	0	12	0	16	0	20	0	234	0	184	0	104
rs35370960	113894257	G	C	0	188	0	232	0	206	0	166	0	24	0	42	0	40	0	42	0	12	0	16	0	20	0	234	0	184	1	104
rs1441783088	113894304	A	G	0	188	0	232	0	206	0	166	0	24	0	42	0	40	0	42	0	12	0	16	0	20	0	234	0	184	0	104
rs374836007	113894308	T	C	0	188	0	232	0	206	0	166	0	24	0	42	0	40	0	42	0	12	0	16	0	20	0	234	0	184	0	104
rs10745340	113894348	T	C	19	188	22	232	9	206	6	166	1	24	6	42	1	40	1	42	0	12	2	16	3	20	8	234	17	184	13	104
rs116244691	113894383	G	A	2	188	1	232	1	206	4	166	2	24	0	42	0	40	0	42	2	12	1	16	1	20	9	234	2	184	4	104
rs1007516111	113894388	A	G	0	188	0	232	0	206	0	166	0	24	0	42	0	40	0	42	0	12	0	16	0	20	0	234	0	184	0	104
rs549082532	113894400	G	A	1	188	0	232	0	206	0	166	0	24	0	42	0	40	0	42	0	12	0	16	0	20	0	234	0	184	0	104
rs572077784	113894430	AAGAT	A	0	188	0	232	0	206	0	166	0	24	0	42	0	40	0	42	0	12	0	16	0	20	0	234	0	184	0	104
rs11102695	113894438	C	T	37	188	45	232	36	206	35	166	1	24	2	42	8	40	8	42	3	12	1	16	1	20	31	234	29	184	20	104
rs528194253	113894439	G	A	0	188	0	232	0	206	1	166	0	24	0	42	0	40	0	42	0	12	0	16	0	20	0	234	0	184	0	104
rs183581108	113894446	T	C	0	188	0	232	0	206	0	166	0	24	0	42	0	40	0	42	0	12	0	16	0	20	0	234	0	184	0	104
rs146607741	113894450	T	G	0	188	0	232	0	206	0	166	0	24	0	42	0	40	0	42	0	12	0	16	0	20	0	234	0	184	0	104
rs188516142	113894484	C	A	0	188	0	232	0	206	0	166	0	24	0	42	0	40	0	42	0	12	0	16	0	20	0	234	0	184	0	104
.	113894497	C	T	0	188	0	232	0	206	0	166	0	24	0	42	0	40	0	42	0	12	0	16	0	20	0	234	0	184	0	104
rs1425518850	113894556	A	G	0	188	0	232	0	206	0	166	0	24	0	42	0	40	0	42	0	12	0	16	0	20	0	234	0	184	0	104
rs550102508	113894602	C	A	0	188	0	232	1	206	0	166	0	24	0	42	0	40	0	42	0	12	0	16	0	20	0	234	0	184	0	104
rs569899968	113894665	T	C	0	188	1	232	0	206	1	166	0	24	0	42	1	40	0	42	0	12	0	16	0	20	0	234	0	184	0	104
rs535682601	113894677	G	C	0	188	0	232	0	206	0	166	0	24	0	42	0	40	0	42	0	12	0	16	0	20	0	234	0	184	0	104
rs12076115	113894764	A	G	11	188	18	232	9	206	11	166	0	24	0	42	2	40	2	42	0	12	0	16	0	20	19	234	4	184	5	104
rs566133554	113894808	T	C	0	188	0	232	0	206	0	166	0	24	0	42	0	40	0	42	0	12	0	16	0	20	0	234	0	184	0	104
.	113894818	A	T	0	188	0	232	0	206	0	166	0	24	0	42	0	40	0	42	0	12	0	16	0	20	0	234	0	184	0	104
rs1571525008	113894979	A	G	0	188	0	232	0	206	0	166	0	24	0	42	0	40	0	42	0	12	0	16	0	20	0	234	0	184	0	104
rs192845390	113895048	C	G	0	188	0	232	0	206	0	166	0	24	0	42	0	40	0	42	1	12	0	16	0	20	0	234	4	184	0	104
rs558088187	113895054	A	G	0	188	0	232	0	206	0	166	0	24	0	42	0	40	0	42	0	12	0	16	0	20	0	234	0	184	0	104
rs79050956	113895085	T	C	0	188	0	232	0	206	0	166	0	24	0	42	0	40	0	42	0	12	0	16	0	20	0	234	0	184	0	104
rs543728602	113895097	C	T	0	188	1	232	0	206	0	166	0	24	0	42	0	40	0	42	0	12	0	16	0	20	0	234	0	184	0	104
.	113895105	A	C	0	188	0	232	0	206	0	166	0	24	0	42	0	40	0	42	0	12	0	16	0	20	0	234	0	184	0	104
rs564093511	113895129	G	A	0	188	0	232	0	206	0	166	0	24	0	42	0	40	0	42	0	12	0	16	0	20	0	234	0	184	0	104
rs145170032	113895134	C	T	0	188	0	232	0	206	0	166	0	24	0	42	0	40	0	42	0	12	0	16	0	20	0	234	1	184	0	104
rs199879996	113895135	G	A	0	188	0	232	0	206	0	166	0	24	0	42	0	40	0	42	0	12	0	16	0	20	0	234	0	184	0	104
rs79922740	113895157	C	T	0	188	0	232	0	206	0	166	0	24	0	42	0	40	0	42	0	12	0	16	0	20	1	234	0	184	0	104
rs201156296	113895212	A	C	0	188	0	232	0	206	0	166	0	24	0	42	0	40	0	42	0	12	0	16	0	20	0	234	0	184	0	104
.	113895229	G	C	0	188	0	232	0	206	0	166	0	24	0	42	0	40	0	42	0	12	0	16	0	20	0	234	0	184	0	104
rs528147130	113895277	C	T	0	188	0	232	0	206	0	166	0	24	0	42	0	40	0	42	0	12	0	16	0	20	0	234	0	184	0	104
rs146869083	113895278	G	A	0	188	0	232	0	206	0	166	0	24	0	42	0	40	0	42	1	12	0	16	0	20	0	234	4	184	0	104
rs184266726	113895339	C	T	0	188	0	232	0	206	0	166	0	24	0	42	0	40	0	42	0	12	0	16	0	20	0	234	0	184	0	104
rs530459127	113895384	G	A	0	188	0	232	0	206	0	166	0	24	0	42	0	40	0	42	0	12	0	16	0	20	0	234	0	184	0	104
rs186623784	113895391	C	G	0	188	0	232	0	206	0	166	0	24	0	42	0	40	0	42	0	12	0	16	0	20	0	234	0	184	0	104
rs201876159	113895417	T	C	0	188	0	232	0	206	0	166	0	24	0	42	0	40	0	42	0	12	0	16	0	20	0	234	0	184	0	104
rs569988158	113895426	A	G	0	188	0	232	0	206	0	166	0	24	0	42	0	40	0	42	0	12	0	16	0	20	0	234	0	184	0	104
rs148748734	113895442	A	C	0	188	0	232	1	206	0	166	0	24	0	42	0	40	0	42	0	12	0	16	0	20	1	234	0	184	0	104
rs549517422	113895446	A	C	0	188	0	232	0	206	0	166	0	24	0	42	0	40	0	42	0	12	0	16	0	20	0	234	0	184	0	104
rs17031980	113895501	G	C	0	188	0	232	0	206	0	166	0	24	0	42	0	40	0	42	0	12	0	16	0	20	0	234	0	184	0	104
rs191473244	113895511	T	C	0	188	0	232	0	206	0	166	0	24	0	42	0	40	0	42	0	12	0	16	0	20	0	234	0	184	0	104
.	113895546	G	GT	0	188	0	232	0	206	0	166	0	24	0	42	0	40	0	42	0	12	0	16	0	20	0	234	0	184	0	104
rs74594243	113895554	T	C	0	188	0	232	0	206	0	166	0	24	0	42	0	40	0	42	0	12	0	16	0	20	0	234	0	184	0	104
rs183947846	113895590	T	C	0	188	0	232	0	206	0	166	0	24	0	42	0	40	0	42	0	12	0	16	0	20	0	234	0	184	0	104
.	113895615	G	A	0	188	0	232	0	206	0	166	0	24	0	42	0	40	0	42	0	12	0	16	0	20	0	234	0	184	0	104
rs537468293	113895620	G	A	0	188	0	232	0	206	0	166	0	24	0	42	0	40	0	42	0	12	0	16	0	20	0	234	0	184	0	104
rs150096213	113895622	A	T	0	188	0	232	0	206	0	166	0	24	0	42	0	40	0	42	0	12	0	16	0	20	0	234	0	184	0	104
rs79561229	113895626	C	T	0	188	0	232	0	206	0	166	0	24	0	42	0	40	0	42	0	12	0	16	0	20	0	234	0	184	0	104
rs111830978	113895672	T	C	3	188	6	232	7	206	6	166	0	24	0	42	0	40	0	42	0	12	0	16	0	20	4	234	6	184	1	104
rs553085946	113895711	G	A	0	188	0	232	0	206	0	166	0	24	0	42	0	40	0	42	0	12	0	16	0	20	1	234	0	184	0	104
rs573000254	113895744	G	A	0	188	0	232	0	206	0	166	0	24	0	42	0	40	0	42	0	12	0	16	0	20	0	234	0	184	0	104
rs545072287	113895760	A	G	0	188	0	232	0	206	0	166	0	24	0	42	0	40	0	42	0	12	0	16	0	20	0	234	0	184	0	104
rs190617142	113895763	C	T	0	188	0	232	0	206	0	166	0	24	0	42	0	40	0	42	0	12	0	16	0	20	0	234	0	184	0	104
rs530540257	113895801	C	T	0	188	0	232	0	206	0	166	0	24	0	42	0	40	0	42	0	12	0	16	0	20	0	234	0	184	0	104
rs34778731	113895824	G	A	0	188	0	232	0	206	0	166	0	24	0	42	0	40	0	42	0	12	0	16	0	20	0	234	0	184	0	104
rs114734921	113895826	T	C	0	188	0	232	0	206	0	166	0	24	0	42	0	40	0	42	0	12	0	16	0	20	0	234	0	184	0	104
rs529495094	113895992	A	G	0	188	0	232	0	206	0	166	0	24	0	42	0	40	0	42	0	12	0	16	0	20	0	234	0	184	0	104
rs1318371475	113896057	T	C	0	188	0	232	0	206	0	166	0	24	0	42	0	40	0	42	0	12	0	16	0	20	0	234	0	184	0	104
rs549455348	113896078	C	T	0	188	0	232	0	206	0	166	0	24	0	42	0	40	0	42	0	12	0	16	0	20	0	234	0	184	0	104
rs138381914	113896090	T	C	0	188	0	232	0	206	0	166	0	24	0	42	0	40	0	42	0	12	0	16	0	20	0	234	0	184	1	104
.	113896099	G	A	0	188	0	232	0	206	0	166	0	24	0	42	0	40	0	42	0	12	0	16	0	20	0	234	0	184	0	104
rs182222093	113896162	T	C	0	188	0	232	0	206	0	166	0	24	0	42	0	40	0	42	0	12	0	16	0	20	0	234	0	184	0	104
rs185211289	113896177	C	A	0	188	0	232	2	206	0	166	0	24	0	42	0	40	0	42	0	12	0	16	0	20	3	234	0	184	0	104
rs571743203	113896219	T	C	0	188	0	232	1	206	0	166	0	24	0	42	0	40	0	42	0	12	0	16	0	20	0	234	0	184	0	104
rs147573619	113896271	C	A	0	188	0	230	0	206	0	166	0	24	0	42	0	40	0	42	0	12	0	16	0	20	0	234	0	184	0	104
rs550954180	113896288	T	C	0	188	0	232	0	206	0	166	0	24	0	42	0	40	0	42	0	12	0	16	0	20	0	234	0	184	0	104
rs149272848	113896305	G	T	0	188	0	232	0	206	0	166	0	24	0	42	0	40	0	42	0	12	0	16	0	20	0	234	0	184	0	104
.	113896309	G	A	0	188	0	232	0	206	0	166	0	24	0	42	0	40	0	42	0	12	0	16	0	20	0	234	0	184	0	104
rs536544853	113896310	G	A	0	188	1	232	0	206	0	166	0	24	0	42	0	40	0	42	0	12	0	16	0	20	0	234	0	184	0	104
rs1217401	113896329	A	G	143	188	193	232	168	206	129	166	7	24	23	42	38	40	34	42	8	12	13	16	15	20	198	234	145	184	79	104
rs1571535459	113896375	T	G	0	188	0	232	0	206	0	166	0	24	0	42	0	40	0	42	0	12	0	16	0	20	0	234	0	184	0	104
rs114201291	113896403	A	G	0	188	0	232	0	206	0	166	0	24	0	42	0	40	0	42	0	12	0	16	0	20	0	234	0	184	0	104
.	113896435	C	A	0	188	0	232	0	206	0	166	0	24	0	42	0	40	0	42	0	12	0	16	0	20	0	234	0	184	0	104
.	113896464	C	G	0	188	0	232	0	206	0	166	0	24	0	42	0	40	0	42	0	12	0	16	0	20	0	234	0	184	0	104
rs538425977	113896481	A	G	0	188	0	232	0	206	0	166	0	24	0	42	0	40	0	42	0	12	0	16	0	20	0	234	0	184	0	104
rs1206690094	113896528	TAGAC	T	0	188	0	232	0	206	0	166	0	24	0	42	0	40	0	42	0	12	0	16	0	20	1	234	0	184	0	104
rs558730980	113896532	C	T	1	188	0	232	0	206	0	166	0	24	0	42	0	40	0	42	0	12	0	16	0	20	0	232	0	184	0	104
rs574952423	113896560	G	A	0	188	0	232	0	206	0	166	0	24	0	42	0	40	0	42	0	12	0	16	0	20	0	234	0	184	0	104
rs190038360	113896572	G	A	0	188	0	232	0	206	0	166	0	24	0	42	0	40	0	42	0	12	0	16	0	20	0	234	0	184	0	104
rs560540860	113896613	C	T	0	188	0	232	0	206	0	166	0	24	0	42	0	40	0	42	0	12	0	16	0	20	0	234	0	184	0	104
rs1571537735	113896620	T	C	0	188	0	232	0	206	0	166	0	24	0	42	0	40	0	42	0	12	0	16	2	20	0	234	0	184	0	104
rs6695260	113896625	T	C	5	188	11	232	6	206	7	166	0	24	0	42	1	40	2	42	0	12	3	16	2	20	7	234	6	184	5	104
rs543293522	113896629	C	T	0	188	0	232	0	206	0	166	0	24	0	42	0	40	0	42	0	12	0	16	0	20	0	234	0	184	0	104
rs559826385	113896657	C	T	0	188	0	232	0	206	0	166	0	24	0	42	0	40	0	42	0	12	0	16	0	20	0	234	0	184	0	104
rs181092653	113896662	G	A	0	188	0	232	0	206	0	166	0	24	0	42	0	40	0	42	0	12	0	16	0	20	0	234	0	184	0	104
rs185479399	113896671	A	G	0	188	0	232	0	206	0	166	0	24	0	42	0	40	0	42	0	12	0	16	0	20	0	234	0	184	0	104
rs565489596	113896718	A	G	0	188	0	232	0	206	0	166	0	24	0	42	0	40	0	42	0	12	0	16	0	20	0	234	0	184	0	104
rs138130736	113896774	G	T	0	188	0	232	0	206	0	166	0	24	0	42	0	40	0	42	0	12	0	16	0	20	0	234	0	184	0	104
rs539695992	113896790	T	G	0	188	0	232	0	206	0	166	0	24	0	42	0	40	0	42	0	12	0	16	0	20	0	234	0	184	0	104
rs551142192	113896826	G	C	0	188	0	232	0	206	0	166	0	24	0	42	0	40	0	42	0	12	0	16	0	20	0	234	0	184	0	104
.	113896832	T	C	0	188	0	232	0	206	0	166	0	24	0	42	0	40	0	42	0	12	0	16	0	20	0	234	0	184	0	104
rs1032315221	113896866	G	A	0	188	0	232	0	206	0	166	0	24	0	42	0	40	0	42	0	12	0	16	0	20	0	234	0	184	0	104
rs6703981	113896868	G	T	8	188	11	232	9	206	12	166	2	24	2	42	0	40	1	42	2	12	1	16	1	20	16	234	7	184	7	104
rs1479843239	113896871	C	T	0	188	0	232	0	206	0	166	0	24	0	42	0	40	0	42	0	12	0	16	0	20	0	234	0	184	0	104
rs536278093	113896882	G	A	0	188	0	232	0	206	0	166	0	24	0	42	0	40	0	42	0	12	0	16	0	20	0	234	0	184	0	104
rs1310183	113896900	T	C	144	188	193	232	168	206	129	166	8	24	23	42	38	40	34	42	10	12	13	16	15	20	202	234	145	184	80	104
rs569946556	113896909	C	T	0	188	0	232	0	206	0	166	0	24	0	42	0	40	0	42	0	12	0	16	0	20	0	234	0	184	0	104
rs189551248	113896910	G	A	0	188	0	232	0	206	0	166	1	24	0	42	0	40	0	42	0	12	0	16	0	20	1	234	0	184	0	104
rs1245745296	113896935	G	C	0	188	0	232	0	206	0	166	0	24	0	42	0	40	0	42	0	12	0	16	0	20	0	234	0	184	0	104
rs1449035322	113896939	TTCGAGA	T	0	188	0	232	0	206	0	166	0	24	0	42	0	40	0	42	0	12	0	16	0	20	0	234	0	184	0	104
rs180831227	113896942	G	A	0	188	0	232	0	206	0	166	0	24	0	42	0	40	0	42	0	12	0	16	0	20	0	234	0	184	0	104
rs1324884625	113896947	C	T	0	188	0	232	0	206	0	166	0	24	0	42	0	38	0	42	0	12	0	16	0	20	0	234	0	184	0	104
rs1265586993	113896948	A	G	0	188	0	232	0	206	0	166	0	24	0	42	0	40	0	42	0	12	0	16	0	20	0	234	0	184	0	104
rs186070213	113896959	T	C	0	188	0	232	0	206	0	166	0	24	0	42	0	40	0	42	0	12	0	16	0	20	0	234	0	184	0	104
rs147187388	113896972	G	A	4	188	4	232	0	206	5	166	0	24	0	42	2	40	1	42	0	12	0	16	0	20	4	234	3	184	2	104
rs554282079	113897010	G	A	0	188	0	232	1	206	0	166	0	24	0	42	0	40	0	42	0	12	0	16	0	20	0	234	0	184	0	104
rs574075714	113897045	A	G	0	180	0	200	0	182	0	146	0	22	0	38	0	40	0	38	0	12	0	16	0	20	0	200	0	152	0	90
.	113897057	T	A	0	188	0	232	0	206	0	166	0	24	0	42	0	40	0	42	0	12	0	16	0	20	0	234	0	184	0	104
rs148281947	113897063	A	C	0	186	0	228	0	204	0	166	0	18	0	36	0	34	0	40	0	12	0	14	0	16	0	226	1	182	0	104
rs192226565	113897075	G	A	0	186	0	220	0	194	0	164	3	16	0	32	0	30	0	38	0	12	0	14	0	16	0	228	3	182	0	98
rs573418732	113897085	G	A	0	174	0	196	0	172	0	132	0	12	0	18	0	22	0	26	0	8	0	12	0	10	0	204	0	158	0	84
rs141339343	113897113	A	G	1	170	5	202	9	180	5	138	0	22	0	32	0	30	3	36	0	10	0	16	0	18	9	210	2	156	1	80
rs1305018211	113897133	ACT	A	0	48	0	58	0	38	0	18	0	4	0	16	0	2	0	4	0	2	0	4	0	4	0	44	0	30	0	24
rs5777170	113897142	C	CAAAAAAAA	0	188	0	232	0	206	0	166	0	18	0	40	0	38	0	36	0	4	0	10	0	14	0	234	0	184	0	104
rs867948123	113897142	C	A	14	188	18	232	21	206	14	166	0	18	1	40	0	38	1	36	0	4	0	10	0	14	27	234	17	184	7	104
rs5777170	113897142	C	CA	0	188	0	232	0	206	0	166	0	18	0	40	0	38	0	36	0	4	0	10	0	14	0	234	0	184	0	104
rs71578798	113897142	C	CAA	3	188	0	232	0	206	0	166	0	18	0	40	0	38	0	36	0	4	0	10	0	14	0	234	1	184	2	104
rs5777170	113897142	C	CAAA	0	188	0	232	0	206	0	166	0	18	0	40	0	38	0	36	0	4	0	10	0	14	0	234	0	184	0	104
rs5777170	113897142	C	CAAAAA	0	188	0	232	0	206	0	166	0	18	0	40	0	38	0	36	0	4	0	10	0	14	0	234	0	184	0	104
rs5777170	113897142	C	CAAAAAA	0	188	0	232	0	206	0	166	0	18	0	40	0	38	0	36	0	4	0	10	0	14	0	234	0	184	0	104
rs5777170	113897142	C	CAAAAAAA	0	188	0	232	0	206	0	166	0	18	0	40	0	38	0	36	0	4	0	10	0	14	0	234	0	184	0	104
rs5777170	113897142	C	CAAAAAAAAA	0	188	0	232	0	206	0	166	0	18	0	40	0	38	0	36	0	4	0	10	0	14	0	234	0	184	0	104
rs5777170	113897142	C	CAAAAAAAAAA	0	188	0	232	0	206	0	166	0	18	0	40	0	38	0	36	0	4	0	10	0	14	0	234	0	184	0	104
.	113897142	C	CAAAAAAAAAAA	0	188	0	232	0	206	0	166	0	24	0	42	0	40	0	42	0	12	0	16	0	20	0	234	0	184	0	104
rs5777170	113897142	CA	C	0	188	0	232	0	206	0	166	0	18	0	40	0	38	0	36	0	4	0	10	0	14	0	234	0	184	0	104
rs5777170	113897142	CAAA	C	0	188	0	232	0	206	0	166	0	18	0	40	0	38	0	36	0	4	0	10	0	14	0	234	0	184	0	104
rs990102965	113897158	G	A	0	66	0	74	0	82	0	60	0	4	1	4	0	2	0	4	0	0	0	2	0	0	0	94	0	62	0	38
rs1289374217	113897159	T	A	0	38	0	36	0	44	0	24	0	2	0	2	0	4	0	2	0	0	0	2	0	0	0	46	0	28	0	18
rs377465170	113897204	C	T	0	186	0	230	0	204	0	162	0	20	0	32	0	36	0	22	0	12	0	10	0	14	0	234	0	182	0	104
rs75414554	113897223	T	A	5	188	8	232	8	206	0	166	0	22	0	38	0	36	4	38	0	12	0	14	0	18	10	234	0	184	1	104
.	113897227	T	C	0	188	0	232	0	206	0	166	0	24	0	42	0	40	0	42	0	12	0	16	0	20	0	234	0	184	0	104
rs183948434	113897275	T	C	0	188	0	232	0	206	0	164	0	24	0	42	0	40	0	40	0	12	0	14	0	20	0	234	1	184	0	104
rs745824884	113897312	C	T	0	188	0	232	0	206	0	166	0	24	0	42	0	40	0	42	0	12	0	16	0	20	0	234	0	184	0	104
rs561339933	113897316	G	A	0	188	0	232	0	206	0	166	0	24	0	42	0	40	0	42	0	12	0	16	0	20	0	234	0	184	0	104
.	113897330	G	A	0	188	0	232	0	206	0	166	0	24	0	42	0	40	0	42	0	12	0	16	0	20	0	234	0	184	0	104
rs530226469	113897378	G	A	0	188	0	232	0	206	0	166	0	24	0	42	0	40	0	42	0	12	0	16	0	20	0	234	2	184	0	104
rs1009588012	113897406	C	T	0	188	0	232	0	206	0	166	0	24	0	42	0	40	0	42	0	12	0	16	0	20	0	234	0	184	0	104
rs758021469	113897494	T	C	0	188	0	232	0	206	0	166	0	24	0	42	0	40	0	42	0	12	0	16	0	20	0	234	0	184	0	104
rs188562504	113897504	G	C	0	188	0	232	0	206	0	166	0	24	0	42	0	40	0	42	0	12	0	16	0	20	0	234	0	184	0	104
rs191603593	113897536	G	A	0	188	0	232	0	206	0	166	0	24	0	42	0	40	0	42	0	12	0	16	0	20	0	232	2	184	0	104
rs144302671	113897550	C	T	0	188	0	232	0	206	0	166	0	24	0	42	0	40	0	42	0	12	0	16	0	20	0	234	0	184	0	104
rs376491508	113897591	GCAAAA	G	1	188	4	232	1	206	4	166	1	24	1	42	1	40	2	42	0	12	0	16	0	20	0	234	1	184	2	104
.	113897599	A	G	0	188	0	232	0	206	0	166	0	24	0	42	0	40	0	42	0	12	0	16	0	20	0	234	0	184	0	104
rs369944490	113897614	G	C	0	188	0	232	0	206	0	166	3	24	0	42	0	40	0	42	0	12	0	16	0	20	0	234	0	184	0	104
rs1217402	113897636	C	G	171	188	227	232	186	206	156	166	14	24	31	42	39	40	37	42	12	12	16	16	19	20	223	234	173	184	100	104
rs568692533	113897655	G	A	0	188	0	232	0	206	0	166	0	24	0	42	0	40	0	42	0	12	0	16	0	20	0	234	0	184	0	104
rs1009640323	113897658	G	A	0	188	0	232	0	206	0	166	0	24	0	42	0	40	0	42	0	12	0	16	0	20	0	234	0	184	0	104
rs80273836	113897675	A	G	0	188	0	232	0	206	0	166	0	24	0	42	0	40	0	42	0	12	0	16	0	20	0	234	0	184	0	104
.	113897708	T	G	0	188	0	232	0	206	0	166	0	24	0	42	0	40	0	42	0	12	0	16	0	20	0	234	0	184	0	104
rs140140139	113897767	T	C	0	188	0	232	0	206	0	166	0	24	0	42	0	40	0	42	0	12	0	16	0	20	0	234	0	184	0	104
rs76982396	113897784	G	A	0	188	0	232	0	206	0	166	0	24	0	42	0	40	0	42	0	12	0	16	0	20	0	234	0	184	0	104
rs374409631	113897794	C	T	0	188	0	232	0	206	0	166	0	24	0	42	0	40	0	42	0	12	0	16	0	20	0	234	0	184	0	104
rs79364253	113897826	G	C	0	188	0	232	0	206	0	166	0	24	0	42	0	40	0	42	0	12	0	16	0	20	0	234	0	184	0	104
rs759742089	113897870	G	T	0	188	0	232	0	206	0	166	0	24	0	42	0	40	0	42	0	12	0	16	0	20	0	234	0	184	0	104
rs553444896	113897895	G	C	0	188	0	232	1	206	0	166	0	24	0	42	0	40	0	42	0	12	0	16	0	20	0	234	0	184	0	104
rs200590674	113897898	C	T	0	188	0	232	0	206	0	166	0	24	0	42	0	40	0	42	0	12	0	16	0	20	0	234	0	184	0	104
rs375374905	113897920	G	A	0	188	0	232	1	206	0	166	0	24	0	42	0	40	0	42	0	12	0	16	0	20	0	234	0	184	0	104
rs145803736	113897925	C	T	0	188	0	232	0	206	0	166	0	24	0	42	0	40	0	42	0	12	0	16	0	20	0	234	1	184	0	104
rs149016907	113898055	T	C	1	188	0	232	3	206	0	166	0	24	0	42	0	40	0	42	0	12	0	16	0	20	1	234	0	184	0	104
rs182537012	113898064	G	A	0	188	0	232	0	206	0	166	0	24	0	42	0	38	0	42	0	12	0	16	0	20	0	234	0	184	0	104
rs142952317	113898144	A	T	4	188	1	232	12	206	4	166	0	24	0	42	1	40	2	42	0	12	0	16	0	20	6	234	1	184	2	104
rs114563260	113898165	T	C	4	188	4	232	6	206	5	166	0	24	0	42	0	40	0	42	0	12	1	16	0	20	2	234	1	184	3	104
rs151146380	113898171	A	T	0	188	0	232	0	206	0	166	0	24	0	42	0	40	0	42	0	12	0	16	0	20	0	234	0	184	0	104
rs187129547	113898200	A	G	0	188	0	232	0	206	0	166	0	24	0	42	0	40	0	42	0	12	0	16	0	20	0	234	0	184	0	104
rs560275108	113898210	G	C	0	188	0	232	0	206	0	166	0	24	0	42	0	40	0	42	0	12	0	16	0	20	0	234	0	184	0	104
.	113898221	G	C	0	188	0	232	0	206	0	166	0	24	0	42	0	40	0	42	0	12	0	16	0	20	0	234	0	184	0	104
rs191932322	113898288	T	A	0	188	0	232	0	206	0	166	0	24	0	42	0	40	0	42	0	12	0	16	0	20	0	234	0	184	0	104
rs191932322	113898288	T	C	0	188	0	232	0	206	0	166	0	24	0	42	0	40	0	42	0	12	0	16	0	20	0	234	0	184	0	104
rs140060478	113898297	T	G	0	188	0	232	0	206	0	166	0	24	0	42	0	40	0	42	0	12	0	16	0	20	0	234	0	184	0	104
rs568786252	113898310	T	C	0	188	1	232	0	206	0	166	0	24	0	42	0	40	0	42	0	12	0	16	0	20	0	234	0	184	0	104
rs531519600	113898401	T	C	1	188	0	232	0	206	0	166	0	24	0	42	0	40	0	42	2	12	0	16	0	20	4	234	0	184	1	104
.	113898434	T	C	0	188	0	232	0	206	0	166	0	24	0	42	0	40	0	42	0	12	0	16	0	20	0	234	0	184	0	104
rs547942755	113898447	C	T	0	188	0	232	0	206	0	166	0	24	0	42	0	40	0	42	0	12	0	16	0	20	0	234	0	184	0	104
rs568250358	113898451	A	G	0	188	0	232	0	206	0	166	0	24	0	42	0	40	0	42	0	12	0	16	0	20	0	234	0	184	0	104
.	113898458	G	A	0	188	0	232	0	206	0	166	0	24	0	42	0	40	0	42	0	12	0	16	0	20	0	234	0	184	0	104
rs533648913	113898516	A	G	0	188	0	232	1	206	0	166	0	24	0	42	0	40	0	42	0	12	0	16	0	20	0	234	0	184	0	104
rs553872599	113898624	A	G	0	188	0	232	0	206	0	166	0	24	0	42	0	40	0	42	0	12	0	16	0	20	0	234	0	184	0	104
rs146963403	113898626	A	G	0	188	0	232	0	206	0	166	0	24	0	42	0	40	0	42	0	12	0	16	0	20	0	234	0	184	0	104
rs1034255396	113898661	T	C	0	188	0	232	0	206	0	166	0	24	0	42	0	40	0	42	0	12	0	16	0	20	0	234	0	184	0	104
rs539412538	113898666	T	C	0	188	0	232	0	206	0	166	0	24	0	42	0	40	0	42	0	12	0	16	0	20	0	234	0	184	0	104
rs780206804	113898682	C	CA	0	188	0	232	0	206	0	166	0	24	0	42	0	36	0	42	0	12	0	16	0	20	0	234	0	184	0	104
rs556210584	113898683	A	C	0	188	0	232	0	206	0	166	0	24	0	40	0	40	0	42	0	12	0	16	0	20	0	234	0	184	0	104
rs770112076	113898691	C	A	0	188	0	232	0	206	0	166	0	24	0	42	0	40	0	42	0	12	0	16	0	20	0	234	0	184	0	104
rs145182838	113898727	T	C	7	188	1	232	5	206	5	166	0	24	0	42	0	40	2	42	0	12	0	16	0	20	2	234	1	184	0	104
rs544923173	113898734	T	C	0	188	0	232	0	206	0	166	0	24	0	42	0	40	0	42	0	12	0	16	0	20	0	234	0	184	0	104
rs370213016	113898798	C	A	0	188	0	232	0	206	0	166	0	24	0	42	0	40	0	42	0	12	0	16	0	20	0	234	0	184	0	104
rs575015032	113898830	T	C	1	188	0	232	0	206	0	166	0	24	0	42	0	40	0	42	0	12	0	16	0	20	0	234	0	184	0	104
rs560661355	113898867	C	A	0	188	0	232	0	206	0	166	0	24	0	42	0	40	0	42	0	12	0	16	0	20	0	234	0	184	0	104
rs538023610	113898891	A	C	0	188	0	232	0	206	0	166	1	24	0	42	0	40	0	42	2	12	0	16	0	20	0	234	0	184	0	104
rs369298592	113898903	T	TA	0	178	0	224	0	204	0	156	0	10	0	24	0	18	0	22	0	6	0	8	0	12	0	234	0	180	0	102
rs369298592	113898903	T	TAA	0	178	0	224	0	204	0	156	0	10	0	24	0	18	0	22	0	6	0	8	0	12	0	234	0	180	0	102
.	113898903	TAA	T	0	188	0	232	0	206	0	166	0	24	0	42	0	40	0	42	0	12	0	16	0	20	0	234	0	184	0	104
rs193216819	113898991	T	G	0	188	0	232	0	206	0	166	0	24	0	40	0	38	0	42	0	12	0	16	0	16	0	234	0	184	0	104
rs545760323	113899001	T	C	0	188	0	232	0	206	0	166	0	24	0	42	0	40	0	38	0	12	0	16	0	18	0	234	0	184	0	104
rs570863552	113899054	T	C	1	188	0	232	0	206	0	166	0	24	0	42	0	40	0	42	0	12	0	16	0	20	0	234	0	184	0	104
rs531457006	113899065	T	C	0	188	0	232	0	206	0	166	0	24	0	42	0	40	0	42	0	12	0	16	0	20	0	234	0	184	0	104
rs548126196	113899081	T	C	0	188	0	232	0	206	0	166	0	24	0	42	0	40	0	42	0	12	0	16	0	20	0	234	0	184	0	104
rs561725704	113899104	A	G	0	188	0	232	0	206	0	166	0	24	0	42	0	40	0	42	0	12	0	16	0	20	0	234	0	184	0	104
rs1432467164	113899104	AC	A	0	188	0	232	0	206	0	166	0	24	0	42	0	40	0	42	0	12	0	16	0	20	0	234	0	184	0	104
.	113899108	T	A	0	188	0	232	0	206	0	166	0	24	0	42	0	40	0	42	0	12	0	16	0	20	0	234	0	184	0	104
rs142048339	113899114	T	A	0	188	0	232	0	206	0	166	0	24	0	42	0	40	0	42	0	12	0	16	0	20	0	234	0	184	0	104
rs547155591	113899148	G	A	0	188	0	232	0	206	0	166	0	24	0	42	0	40	0	42	0	12	0	16	0	20	0	234	0	184	0	104
rs146037276	113899151	C	T	0	188	0	232	0	206	0	166	0	24	0	42	0	40	0	42	0	12	0	16	0	20	0	234	0	184	0	104
rs185641630	113899207	C	A	0	188	0	232	0	206	0	166	0	24	0	42	0	40	0	42	0	12	0	16	0	20	0	234	1	184	0	104
rs190053939	113899220	C	T	0	188	0	232	0	206	0	166	0	24	0	42	0	40	0	42	0	12	0	16	0	20	0	234	0	184	0	104
rs138585932	113899252	C	T	0	188	0	232	0	206	0	166	0	24	0	42	0	40	0	42	1	12	0	16	0	20	0	234	4	184	0	104
rs538527262	113899257	T	C	0	188	0	232	0	206	0	166	0	24	0	42	0	40	0	42	0	12	0	16	0	20	0	234	0	184	0	104
.	113899266	A	G	0	188	0	232	0	206	0	166	0	24	0	42	0	40	0	42	0	12	0	16	0	20	0	234	0	184	0	104
rs1483881204	113899325	A	G	0	188	0	232	0	206	0	166	0	24	0	42	0	40	0	42	0	12	0	16	0	20	0	234	0	184	0	104
.	113899346	AAAAAGT	A	0	188	0	232	0	206	0	166	0	24	0	42	0	40	0	42	0	12	0	16	0	20	0	234	0	184	0	104
rs149324850	113899372	T	G	0	188	0	232	1	206	0	166	10	24	11	42	0	40	0	42	0	12	0	16	0	20	0	234	4	184	0	104
rs574910795	113899376	G	A	0	188	0	232	0	206	1	166	0	24	0	42	0	40	0	42	0	12	0	16	0	20	0	234	0	184	0	104
rs866976468	113899382	G	T	0	188	0	232	0	206	0	166	0	24	0	42	0	40	0	42	0	12	0	16	0	20	0	234	0	184	0	104
rs181574067	113899388	A	G	0	188	0	232	0	206	0	166	0	24	0	42	0	40	0	42	0	12	0	16	0	20	0	234	0	184	0	104
rs528954630	113899418	G	C	0	188	0	232	0	206	0	166	0	24	0	42	0	40	0	42	0	12	0	16	0	20	0	234	0	184	0	104
rs144579267	113899434	G	C	2	188	0	232	2	206	1	166	0	24	0	42	0	40	1	42	0	12	0	16	0	20	1	234	1	184	0	104
rs79496935	113899465	G	A	8	188	11	232	9	206	12	166	3	24	2	42	1	40	1	42	2	12	1	16	1	20	15	232	7	184	7	104
rs562540610	113899503	T	C	0	188	0	232	0	206	0	166	0	24	0	42	0	40	0	42	0	12	0	16	0	20	0	234	0	184	0	104
rs576070956	113899584	C	T	0	188	0	232	0	206	0	166	0	24	0	42	0	40	0	42	0	12	0	16	0	20	0	234	0	184	0	104
rs541742453	113899589	T	G	0	188	0	232	0	206	0	166	0	24	0	42	0	40	0	42	0	12	0	16	0	20	0	234	0	184	0	104
rs553758220	113899593	G	A	0	188	0	232	0	206	0	166	0	24	0	42	0	40	0	42	0	12	0	16	0	20	0	234	0	184	0	104
rs562044729	113899600	T	C	0	188	0	232	0	206	0	166	0	24	0	42	0	40	0	42	0	12	0	16	0	20	0	234	0	184	0	104
rs112963105	113899607	A	G	0	188	0	232	0	206	0	166	0	24	0	42	0	40	0	42	2	12	0	16	0	20	0	234	0	184	0	104
rs527606351	113899615	T	C	0	188	0	232	0	206	0	166	0	24	0	42	0	40	0	42	0	12	0	16	0	20	0	234	0	184	0	104
.	113899624	A	T	0	188	0	232	0	206	0	166	0	24	0	42	0	40	0	42	0	12	0	16	0	20	0	234	0	184	0	104
rs148090782	113899674	T	C	4	188	3	232	12	206	4	166	0	24	0	42	1	40	2	42	0	12	0	16	0	20	6	234	1	184	2	104
rs924557823	113899716	C	CA	0	184	0	228	0	202	0	160	0	20	0	40	0	34	0	40	0	12	0	16	0	20	0	228	0	184	0	104
rs564128555	113899725	A	C	1	186	0	232	0	204	0	166	0	24	0	42	0	40	0	42	0	12	1	16	0	20	0	232	1	184	0	104
rs1054457838	113899726	C	CA	0	182	0	232	0	200	0	166	0	22	0	42	0	40	0	42	0	12	0	16	0	20	0	232	0	184	0	104
rs533056625	113899732	A	C	0	186	0	232	0	204	0	166	0	24	0	42	0	40	0	42	0	12	0	16	0	20	0	232	0	184	0	104
rs3838300	113899733	C	CA	0	188	0	228	0	206	0	160	0	24	0	42	0	40	0	42	0	12	0	16	0	20	0	234	0	184	0	104
rs3838300	113899733	C	CAA	0	188	0	228	0	206	0	160	0	24	0	42	0	40	0	42	0	12	0	16	0	20	0	234	0	184	0	104
rs184472467	113899762	T	C	0	188	0	232	0	206	0	166	0	24	0	42	0	40	0	42	0	12	0	16	0	20	0	234	0	184	0	104
rs569651928	113899798	G	A	0	188	0	232	0	206	0	166	0	24	0	40	0	38	0	42	0	12	0	16	0	20	0	234	0	184	0	104
rs78665702	113899806	A	G	5	188	11	232	6	206	7	166	0	24	0	42	1	40	2	42	0	12	3	16	2	20	7	234	6	184	5	104
rs548721980	113899891	A	G	0	188	0	232	0	206	0	166	0	24	0	42	0	40	0	42	0	12	0	16	0	20	0	234	0	184	0	104
rs143389123	113899936	G	A	0	188	0	232	0	206	0	166	0	24	0	42	0	40	0	42	0	12	0	16	0	20	0	234	0	184	0	104
rs534237530	113899949	T	A	0	188	0	232	0	206	0	166	0	24	0	42	0	40	0	42	0	12	0	16	0	20	0	234	0	184	0	104
rs142732858	113900050	G	A	0	188	0	232	0	206	0	166	0	24	0	42	0	40	0	42	0	12	0	16	0	20	0	234	0	184	0	104
rs149335605	113900051	A	T	0	188	0	232	0	206	0	166	0	24	0	42	0	40	0	42	0	12	0	16	0	20	0	234	1	184	0	104
rs539537405	113900057	A	G	0	188	0	232	0	206	0	166	0	24	0	42	0	40	0	42	0	12	0	16	0	20	0	234	0	184	0	104
rs533128711	113900080	C	T	0	188	0	232	0	206	0	166	0	24	0	42	0	40	0	42	0	12	0	16	0	20	0	234	0	184	0	104
rs556275015	113900083	C	A	0	188	0	232	0	206	1	166	0	24	0	42	0	40	0	42	0	12	0	16	0	20	0	234	0	184	0	104
rs576006432	113900085	A	G	0	188	0	232	0	206	0	166	0	24	0	42	0	40	0	42	0	12	0	16	0	20	0	234	0	184	0	104
rs146053295	113900106	C	T	0	188	0	232	0	206	0	166	0	24	0	42	0	40	0	42	0	12	0	16	0	20	0	234	0	184	0	104
rs147184856	113900109	G	T	0	188	0	232	0	206	0	166	0	24	0	42	0	40	0	42	0	12	0	16	0	20	0	234	0	184	0	104
rs555486513	113900117	G	A	0	188	0	232	0	206	0	166	0	24	0	42	0	40	0	42	0	12	0	16	0	20	0	234	0	184	0	104
rs111785152	113900120	C	A	0	188	6	232	0	206	3	166	0	24	0	42	0	40	0	42	0	12	0	16	0	20	0	234	1	184	1	104
rs377589103	113900127	A	G	0	188	0	232	0	206	0	166	0	24	0	42	0	40	0	42	0	12	0	16	0	20	0	234	0	184	0	104
rs541013298	113900138	A	G	0	188	0	232	0	206	0	166	0	24	0	42	0	40	0	42	0	12	0	16	0	20	0	234	0	184	0	104
rs564262237	113900149	C	T	0	188	0	232	0	206	0	166	0	24	0	42	0	40	0	42	0	12	0	16	0	20	0	234	0	184	0	104
.	113900156	C	G	0	188	0	232	0	206	0	166	0	24	0	42	0	40	0	42	0	12	0	16	0	20	0	234	0	184	0	104
rs140090271	113900164	C	T	0	188	1	232	0	206	0	166	0	24	0	42	0	40	0	42	0	12	0	16	0	20	0	234	0	184	0	104
rs543518152	113900185	T	C	0	188	0	232	0	206	0	166	0	24	0	42	0	40	0	42	0	12	0	16	0	20	0	234	0	184	0	104
rs563341771	113900198	G	A	0	188	0	232	0	206	0	166	0	24	0	42	0	40	0	42	0	12	0	16	0	20	0	234	0	184	0	104
rs528997061	113900209	T	G	0	188	0	232	0	206	0	166	0	24	0	42	0	40	0	42	0	12	0	16	0	20	0	234	0	184	0	104
rs201047107	113900215	T	C	0	188	0	232	0	206	0	166	0	24	0	42	0	40	0	42	0	12	0	16	0	20	0	234	0	184	0	104
rs760880631	113900231	C	T	0	188	0	232	0	206	0	166	0	24	0	42	0	40	0	42	0	12	0	16	0	20	0	234	0	184	0	104
rs143286419	113900251	G	A	0	188	0	232	0	206	0	166	0	24	0	42	0	40	0	42	0	12	0	16	0	20	0	234	0	184	0	104
rs141417436	113900263	A	G	0	188	0	232	0	206	0	166	0	24	0	42	0	40	0	42	0	12	0	16	0	20	0	234	0	184	0	104
rs778029639	113900269	C	T	0	188	0	232	0	206	0	166	0	24	0	42	0	40	0	42	0	12	0	16	0	20	0	234	0	184	0	104
rs1162959753	113900308	A	G	0	188	0	232	0	206	0	166	0	24	0	42	0	40	0	42	0	12	0	16	0	20	0	234	0	184	0	104
rs968023503	113900347	C	T	0	188	0	232	0	206	0	166	0	24	0	42	0	40	0	42	0	12	0	16	0	20	0	234	0	184	0	104
rs540783798	113900363	A	G	0	188	0	232	0	206	0	166	0	24	2	42	0	40	0	42	0	12	0	16	0	20	0	234	0	184	0	104
rs752781534	113900371	G	T	0	188	0	232	0	206	0	166	0	24	0	42	0	40	0	42	0	12	0	16	0	20	0	234	0	184	0	104
rs755780191	113900403	A	T	0	188	0	232	0	206	0	166	0	24	0	42	0	40	0	42	0	12	0	16	0	20	0	234	0	184	0	104
rs3789613	113900413	C	G	19	188	22	232	9	206	6	166	1	24	6	42	1	40	1	42	0	12	2	16	3	20	8	234	17	184	13	104
rs200973324	113900425	G	A	0	188	0	232	0	206	0	166	0	24	0	42	0	40	0	42	0	12	0	16	0	20	1	234	0	184	0	104
rs539673195	113900469	T	C	0	188	0	232	0	206	0	166	0	24	0	42	0	40	0	42	0	12	0	16	0	20	0	234	0	184	0	104
rs556361029	113900478	G	C	0	188	0	232	0	206	0	166	0	24	0	42	0	40	0	42	0	12	0	16	0	20	0	234	0	184	0	104
rs569772769	113900492	T	C	0	188	0	232	0	206	0	166	0	24	0	42	0	40	0	42	0	12	0	16	0	20	0	234	0	184	0	104
rs535580984	113900566	C	A	0	188	0	232	0	206	0	166	0	24	0	40	0	40	0	42	0	12	0	16	0	20	0	234	0	184	0	104
rs555728573	113900609	C	T	0	188	0	232	0	206	0	166	0	24	0	42	0	40	0	42	0	12	0	16	0	20	0	234	0	184	0	104
rs572388417	113900665	A	G	0	188	0	232	0	206	0	166	0	24	0	42	0	40	0	42	0	12	0	16	0	20	0	234	0	184	0	104
rs41283516	113900721	C	A	1	188	1	232	0	206	0	166	0	24	0	42	0	40	0	42	0	12	0	16	0	20	0	234	0	184	0	104
rs746159966	113900736	T	C	0	188	0	232	0	206	0	166	0	24	0	42	0	40	0	42	0	12	0	16	0	20	0	234	0	184	0	104
rs7523862	113900797	G	A	19	188	22	232	9	206	6	166	1	24	6	42	1	40	1	42	0	12	2	16	3	20	8	234	17	184	13	104
rs140094296	113900829	C	T	1	188	1	232	0	206	0	166	0	24	0	42	1	40	0	42	0	12	1	16	0	20	0	234	2	184	0	104
rs868591281	113900830	G	A	0	188	0	232	0	206	0	166	0	24	0	42	0	40	0	42	0	12	0	16	0	20	0	234	0	184	0	104
rs550033389	113900834	G	A	0	188	0	232	0	206	0	166	0	24	0	42	0	40	0	42	0	12	0	16	0	20	0	234	0	184	0	104
rs779174750	113900836	A	G	0	188	0	232	0	206	0	166	0	24	0	42	0	40	0	42	0	12	0	16	0	20	0	234	0	184	0	104
rs543605442	113900843	C	T	0	188	0	232	0	206	0	166	0	24	0	42	0	40	0	42	0	12	0	16	0	20	0	234	0	184	0	104
rs563485730	113900871	G	T	0	188	0	232	0	206	0	166	0	24	0	42	0	40	0	42	0	12	0	16	0	20	0	234	0	184	0	104
rs528938717	113900883	G	A	0	188	0	232	0	206	0	166	0	24	0	42	0	40	0	42	0	12	0	16	0	20	0	234	0	184	0	104
rs542406994	113900908	G	C	0	188	0	232	1	206	0	166	0	24	0	42	0	40	0	42	0	12	0	16	0	20	0	234	0	184	0	104
rs768259779	113900923	C	T	0	188	0	232	0	206	0	166	0	24	0	42	0	40	0	42	0	12	0	16	0	20	0	234	0	184	0	104
rs559293286	113900964	G	A	0	188	0	232	0	206	0	166	0	24	0	42	0	40	0	42	0	12	0	16	0	20	0	234	0	184	0	104
.	113900975	C	T	0	188	0	232	0	206	0	166	0	24	0	42	0	40	0	42	0	12	0	16	0	20	0	234	0	184	0	104
rs1311705461	113900976	G	A	0	188	0	232	0	206	0	166	0	24	0	42	0	40	0	42	0	12	0	16	0	20	0	234	0	184	0	104
rs1571568029	113901055	C	T	0	188	0	232	0	206	0	166	0	24	0	42	0	40	0	42	0	12	0	16	0	20	0	234	0	184	0	104
rs528110541	113901085	C	T	0	188	0	232	0	206	0	166	0	24	0	42	0	40	0	42	0	12	0	16	0	20	0	234	0	184	0	104
rs750105839	113901102	C	T	0	188	1	232	0	206	0	166	0	24	0	42	0	40	0	42	0	12	0	16	0	20	0	234	0	184	0	104
rs961373842	113901108	A	AAAT	0	188	0	232	0	206	0	166	0	24	0	42	0	40	0	42	0	12	0	16	0	20	0	234	0	184	0	104
rs547664994	113901129	T	C	0	188	0	232	0	206	0	166	0	24	0	42	0	40	0	42	0	12	0	16	0	20	0	234	0	184	1	104
rs181310318	113901161	C	T	0	188	0	232	0	206	0	166	0	24	0	42	0	40	0	42	0	12	0	16	0	20	2	234	0	184	2	104
rs533461640	113901209	A	C	0	188	0	232	0	206	0	166	0	24	0	42	0	40	0	42	0	12	0	16	0	20	0	234	0	184	0	104
rs549915122	113901218	G	A	0	188	0	232	0	206	0	166	0	24	0	42	0	40	0	42	0	12	0	16	0	20	0	234	0	184	0	104
rs560676228	113901241	T	C	0	188	0	232	0	206	0	166	0	24	0	42	0	40	0	42	1	12	0	16	0	20	0	234	0	184	0	104
.	113901259	G	C	0	188	0	232	0	206	0	166	0	24	0	42	0	40	0	42	0	12	0	16	0	20	0	234	0	184	0	104
rs17464525	113901277	G	A	16	188	22	232	8	206	6	166	1	24	2	42	1	40	1	42	0	12	2	16	2	20	8	234	10	184	9	104
rs139775124	113901283	T	C	1	188	0	232	0	206	0	166	0	24	0	42	0	40	0	42	0	12	0	16	0	20	0	234	0	184	0	104
rs555613411	113901333	T	C	0	188	0	232	0	206	0	166	0	24	0	42	0	40	0	42	0	12	0	16	0	20	0	234	0	184	0	104
rs566041642	113901338	T	A	0	188	1	232	0	206	0	166	0	24	0	42	0	40	0	42	0	12	0	16	0	20	0	234	0	184	0	104
rs534678582	113901377	G	A	0	188	1	232	0	206	0	166	0	24	0	42	0	40	0	42	0	12	0	16	0	20	0	234	0	184	0	104
rs558196790	113901397	C	T	0	188	0	232	0	206	0	166	0	24	0	42	0	40	0	42	0	12	0	16	0	20	0	234	0	184	0	104
rs577971063	113901403	T	C	0	188	2	232	0	206	0	166	0	24	0	42	0	40	0	42	0	12	0	16	0	20	0	234	0	184	0	104
rs535937405	113901458	T	G	0	188	0	232	0	206	0	166	0	24	0	42	0	40	0	42	0	12	0	16	0	18	0	234	0	184	0	104
rs982689181	113901522	C	CA	0	186	2	224	0	204	0	160	0	24	0	36	0	34	0	32	0	10	0	16	0	20	0	230	0	180	0	104
rs982689181	113901522	CA	C	0	186	2	224	0	204	0	160	0	24	0	36	0	34	0	32	0	10	0	16	0	20	0	230	0	180	0	104
rs557191782	113901578	T	C	0	188	0	232	0	206	0	166	0	22	0	42	0	40	0	42	0	12	0	16	0	20	0	234	0	184	0	104
rs914224427	113901611	G	A	0	188	0	232	0	206	0	166	0	24	0	42	0	40	0	40	0	12	0	16	0	20	0	234	0	184	0	104
rs143683107	113901677	C	T	0	188	0	232	0	206	0	166	0	24	0	42	0	40	0	42	1	12	0	16	0	20	0	234	4	184	0	104
rs542693038	113901680	C	T	0	188	0	232	0	206	0	166	0	24	0	42	0	40	0	42	0	12	0	16	0	20	0	234	0	184	0	104
rs559212401	113901692	A	C	1	188	0	232	0	206	0	166	0	24	0	42	0	40	0	42	0	12	0	16	0	20	1	234	0	184	0	104
rs78563784	113901700	T	A	0	188	0	232	0	206	0	166	0	24	0	42	0	40	0	42	0	12	0	16	0	20	0	234	0	184	0	104
rs185948622	113901706	T	G	0	188	0	232	0	206	0	166	0	24	0	42	0	40	0	42	0	12	0	16	0	20	0	234	0	184	0	104
rs549396865	113901726	T	C	0	188	0	232	0	206	0	166	0	24	0	42	0	40	0	42	1	12	0	16	0	20	0	234	0	184	0	104
rs34751342	113901822	T	G	0	188	1	232	0	206	0	166	0	24	0	42	0	40	0	42	0	12	0	16	0	20	0	234	1	184	1	104
rs550100552	113901836	G	A	0	188	0	232	0	206	0	166	0	24	0	42	0	40	0	42	0	12	0	16	0	20	0	234	0	184	0	104
rs143769705	113901851	T	C	0	188	0	232	0	206	0	166	1	24	0	42	0	40	0	42	0	12	0	16	0	20	0	234	0	184	0	104
rs138880168	113901866	A	T	0	188	0	232	0	206	0	166	0	24	0	42	0	40	0	42	0	12	0	16	0	20	0	234	0	184	0	104
rs529490243	113901900	C	T	0	188	0	232	0	206	0	166	0	24	0	42	0	40	0	42	0	12	0	16	0	20	0	234	0	184	0	104
rs549574613	113901925	C	T	0	188	0	232	0	206	0	166	0	24	0	42	0	40	0	42	0	12	0	16	0	20	0	234	0	184	0	104
.	113901934	A	C	0	188	0	232	0	206	0	166	0	24	0	42	0	40	0	42	0	12	0	16	0	20	0	234	0	184	0	104
rs573648846	113901951	TTCACCTAACAGATGGTTTAGTAGATGCTGCACCCATCAGA	T	0	188	0	232	0	206	0	166	0	24	0	42	0	40	0	42	0	12	0	16	0	20	0	234	0	184	0	104
rs12079716	113901972	T	G	13	188	17	232	10	206	11	166	0	24	0	42	2	40	2	42	0	12	1	16	0	20	23	234	6	184	5	104
rs377159938	113901976	T	C	0	188	0	232	0	206	0	166	0	24	0	42	0	40	0	42	0	12	0	16	0	20	0	234	0	184	0	104
rs551755388	113901993	C	G	0	188	0	232	0	206	0	166	0	24	0	42	0	40	0	42	0	12	0	16	0	20	0	234	0	184	0	104
rs74706689	113902034	A	G	6	188	3	232	12	206	5	166	0	24	0	42	1	40	3	42	0	12	0	16	0	20	7	234	2	184	2	104
rs189259390	113902060	T	C	0	188	0	232	0	206	0	166	0	24	0	42	0	40	0	42	0	12	0	16	0	20	0	234	0	184	0	104
rs1208975907	113902074	T	TG	0	188	0	232	0	206	0	166	0	24	0	42	0	40	0	42	0	12	0	16	0	20	0	234	0	184	0	104
rs557328961	113902102	C	T	0	188	0	232	0	206	0	166	0	24	0	42	0	40	0	42	0	12	0	16	0	20	0	234	0	184	0	104
rs573758056	113902132	C	T	0	188	0	232	0	206	0	166	0	24	0	42	0	40	0	42	0	12	0	16	0	20	0	234	0	184	0	104
rs536032288	113902139	A	G	0	188	0	232	0	206	0	166	0	24	0	42	0	40	0	42	0	12	0	16	0	20	0	234	2	184	0	104
rs553149311	113902148	T	A	0	188	0	232	0	206	0	166	0	24	0	42	0	40	0	42	0	12	0	16	0	20	0	234	0	184	0	104
rs112059103	113902151	T	C	1	188	1	232	0	206	9	166	3	24	0	42	0	40	1	42	1	12	0	16	0	20	1	234	4	184	1	104
rs544750052	113902218	T	C	1	188	0	232	0	204	0	166	0	24	0	42	0	40	0	42	0	12	0	16	0	20	0	234	0	184	0	104
rs564528571	113902245	G	A	0	188	0	232	0	206	0	166	0	24	0	42	0	40	0	42	0	12	0	16	0	20	0	234	0	184	0	104
rs574928114	113902273	T	G	0	188	0	232	0	206	0	166	0	24	0	42	0	40	0	42	0	12	0	16	0	20	0	234	0	184	0	104
rs1254854718	113902277	T	C	0	188	0	232	0	206	0	166	0	24	0	42	0	40	0	42	0	12	0	16	0	20	0	234	0	184	0	104
rs543685230	113902287	T	G	0	188	0	232	0	206	0	166	0	24	0	42	0	40	0	42	0	12	0	16	0	20	0	234	0	184	0	104
rs796554512	113902370	CAAA	C	0	188	0	232	0	206	0	166	0	24	4	42	0	40	0	42	0	12	0	16	1	20	0	234	0	184	0	104
rs376516195	113902370	C	CA	0	188	0	232	0	206	0	166	0	24	0	42	0	40	0	42	0	12	0	16	0	20	0	234	0	184	0	104
rs563798493	113902382	T	C	0	188	0	232	1	206	0	166	0	24	0	42	0	40	0	42	0	12	0	16	0	20	0	234	1	184	0	104
rs529603033	113902408	A	T	0	188	0	232	0	206	0	166	0	24	0	42	0	40	0	42	0	12	0	16	0	20	0	234	0	184	0	104
rs549267856	113902434	G	C	0	188	0	232	0	206	0	166	0	24	0	42	0	40	0	42	0	12	0	16	0	20	0	234	2	184	0	104
rs949822330	113902439	A	G	0	188	0	232	0	206	0	166	0	24	0	42	0	40	0	42	0	12	0	16	0	20	0	234	0	184	0	104
.	113902461	A	G	0	188	0	232	0	206	0	166	0	24	0	42	0	40	0	42	0	12	0	16	0	20	0	234	0	184	0	104
rs182216995	113902476	A	C	0	188	0	232	0	206	0	166	0	24	0	42	0	40	0	42	0	12	0	16	0	20	0	234	0	184	0	104
rs528594952	113902497	G	T	0	188	0	232	0	206	0	166	0	24	0	42	0	40	0	42	0	12	0	16	0	20	0	234	0	184	0	104
rs551948046	113902523	A	G	0	188	0	232	0	206	0	166	0	24	0	42	0	40	0	42	0	12	0	16	0	20	1	234	0	184	0	104
rs187229500	113902579	C	T	0	188	0	232	0	206	0	166	10	24	11	42	0	40	0	42	0	12	0	16	0	20	0	234	4	184	0	104
rs1029818039	113902585	G	A	0	188	0	232	0	206	0	166	0	24	0	42	0	40	0	42	0	12	0	16	0	20	0	234	0	184	0	104
rs537405509	113902614	CCAGA	C	1	188	1	232	0	206	9	166	0	24	0	42	0	40	1	42	0	12	0	16	0	20	1	234	0	184	1	104
rs74361335	113902657	G	A	0	188	0	232	0	206	0	166	0	24	0	42	0	40	0	42	0	12	0	16	0	20	0	234	0	184	0	104
rs202053730	113902703	G	A	0	188	0	232	0	206	0	166	0	24	0	42	0	40	0	42	0	12	0	16	0	20	0	234	0	184	0	104
rs191202554	113902707	A	G	0	188	0	232	0	206	0	166	0	24	0	42	0	40	0	42	0	12	0	16	0	20	0	234	0	184	0	104
rs34249695	113902736	T	C	5	188	8	232	8	206	0	166	0	24	0	42	0	40	4	42	0	12	0	16	0	20	10	234	0	184	1	104
rs552888524	113902759	A	T	0	188	0	232	0	206	0	166	0	24	0	42	0	40	0	42	0	12	0	16	0	20	0	234	0	184	0	104
rs566369623	113902761	A	G	0	188	0	232	0	206	0	166	0	24	0	42	0	40	0	42	0	12	0	16	0	20	0	234	0	184	0	104
rs201265132	113902762	T	C	0	188	0	232	0	206	0	166	0	24	0	42	0	40	0	42	0	12	0	16	0	20	1	234	0	184	0	104
.	113902792	T	C	0	188	0	232	0	206	0	166	0	24	0	42	0	40	0	42	0	12	0	16	0	20	0	234	0	184	0	104
rs183034705	113902825	T	G	0	188	0	232	0	206	0	166	0	24	0	42	0	40	0	42	0	12	0	16	0	20	0	234	0	184	0	104
rs186195199	113902871	C	T	0	188	0	232	0	206	0	166	0	24	0	42	0	40	0	42	0	12	0	16	0	20	0	234	0	184	0	104
rs200301524	113902872	G	A	0	188	0	232	0	206	0	166	0	24	0	42	0	40	0	42	0	12	0	16	0	20	0	234	0	184	0	104
rs373260113	113902912	A	T	0	188	0	232	0	206	0	166	0	24	0	42	0	40	0	42	0	12	0	16	0	20	0	234	0	184	0	104
rs574203813	113902962	T	C	0	188	0	232	0	206	0	166	0	24	0	42	0	40	0	42	0	12	0	16	0	20	0	234	0	184	0	104
rs370920125	113903007	C	T	0	188	0	232	0	206	0	166	0	24	0	42	0	40	0	42	0	12	0	16	0	20	0	234	0	184	0	104
rs373113965	113903026	T	C	0	188	0	232	0	206	0	166	0	24	0	42	0	40	0	42	0	12	0	16	0	20	0	234	0	184	0	104
.	113903037	TA	T	0	188	0	232	0	206	0	166	0	24	0	42	0	40	0	42	0	12	0	16	0	20	0	234	0	184	0	104
rs190174129	113903126	C	T	0	188	1	232	1	206	0	166	0	24	0	42	0	40	0	42	0	12	0	16	0	20	1	234	0	184	1	104
rs545499110	113903142	T	C	0	188	0	232	0	206	0	166	0	24	0	42	0	40	0	42	0	12	0	16	0	20	0	234	0	184	0	104
rs7536876	113903153	C	T	0	188	0	232	0	206	0	166	0	24	0	42	0	40	0	42	0	12	0	16	0	20	0	234	0	184	0	104
rs187748888	113903168	C	T	0	188	0	232	0	206	0	166	0	24	0	42	0	40	0	42	0	12	0	16	0	20	0	234	0	184	0	104
rs780565424	113903169	G	A	1	188	0	232	0	206	0	166	0	24	0	42	0	40	0	42	0	12	0	16	0	20	0	234	0	184	0	104
rs550661654	113903212	C	T	0	188	0	232	0	206	0	166	0	24	0	42	0	40	0	42	0	12	0	16	0	20	0	234	0	184	0	104
rs1013611230	113903222	C	T	0	188	0	232	0	206	0	166	0	24	0	42	0	40	0	42	0	12	0	16	0	20	0	234	0	184	0	104
rs192332220	113903245	T	C	8	188	6	232	3	206	2	166	0	24	0	42	2	40	0	42	0	12	2	16	0	20	2	234	2	184	1	104
rs183893441	113903254	C	T	0	188	0	232	0	206	0	166	0	24	0	42	0	40	0	42	0	12	0	16	0	20	0	234	0	184	0	104
rs7513707	113903258	G	A	3	188	0	232	1	206	0	166	0	24	0	42	0	40	0	42	0	12	0	16	0	20	0	234	7	184	4	104
rs1571585343	113903260	T	G	0	188	0	232	0	206	0	166	0	24	0	42	0	40	0	42	0	12	0	16	0	20	0	234	0	184	0	104
rs549910075	113903313	G	C	0	188	0	232	0	206	0	166	0	24	0	42	0	40	0	42	1	12	0	16	0	20	0	234	0	184	0	104
rs566308949	113903322	T	C	0	188	0	232	0	206	0	166	0	24	0	42	0	40	0	42	0	12	0	16	0	20	0	234	0	184	0	104
.	113903343	A	T	0	188	0	232	0	206	0	166	0	24	0	42	0	40	0	42	0	12	0	16	0	20	0	234	0	184	0	104
rs538418470	113903359	C	T	0	188	0	232	0	206	0	166	0	24	0	42	0	40	0	42	0	12	0	16	0	20	0	234	0	184	1	104
.	113903373	A	G	0	188	0	232	0	206	0	166	0	24	0	42	0	40	0	42	0	12	0	16	0	20	0	234	0	184	0	104
rs1571586466	113903403	A	C	0	188	0	232	0	206	0	166	0	24	0	42	0	40	0	42	0	12	0	16	0	20	0	234	0	184	0	104
rs558342825	113903414	T	C	0	188	0	232	0	206	0	166	0	24	0	42	0	40	0	42	0	12	0	16	0	20	0	234	0	184	0	104
rs568569550	113903449	A	G	0	188	0	232	0	206	0	166	0	24	0	42	0	40	0	42	0	12	0	16	0	20	0	234	0	184	0	104
rs537947966	113903488	A	G	1	188	0	232	0	206	0	166	0	24	0	42	0	40	0	42	0	12	0	16	0	20	0	234	0	184	0	104
rs554267290	113903499	A	T	0	188	0	232	0	206	0	166	0	24	0	42	0	40	0	42	0	12	0	16	0	20	0	234	0	184	0	104
rs574415785	113903502	T	C	0	188	0	232	0	206	0	166	0	24	0	42	0	40	0	42	0	12	0	16	0	20	0	234	0	184	0	104
.	113903559	A	G	0	188	0	232	0	206	0	166	0	24	0	42	0	40	0	42	0	12	0	16	0	20	0	234	0	184	0	104
rs542938980	113903644	A	G	0	188	1	232	0	206	0	166	0	24	0	42	0	40	0	42	0	12	0	16	0	20	0	234	0	184	0	104
rs772815062	113903646	C	A	0	188	0	232	0	206	0	166	0	24	0	42	0	40	0	42	0	12	0	16	0	20	0	234	0	184	0	104
rs553659710	113903693	T	C	0	188	0	232	1	206	0	166	0	24	0	42	0	40	0	42	0	12	0	16	0	20	0	234	0	184	0	104
rs10858022	113903719	A	G	19	188	22	232	9	206	6	166	1	24	6	42	1	40	1	42	0	12	2	16	3	20	8	234	17	184	13	104
.	113903732	T	A	0	188	0	232	0	206	0	166	0	24	0	42	0	40	0	42	0	12	0	16	0	20	0	234	0	184	0	104
rs1322520240	113903736	G	C	0	188	0	232	0	206	0	166	0	24	0	42	0	40	0	42	0	12	0	16	0	20	0	234	0	184	0	104
rs774005871	113903765	G	C	0	188	0	232	0	206	0	166	0	24	0	42	0	40	0	42	0	12	0	16	0	20	0	234	0	184	0	104
rs150066260	113903866	C	T	2	188	0	232	0	206	0	166	0	24	0	42	0	40	0	42	0	12	0	16	0	20	0	234	0	184	1	104
rs550746359	113903925	AG	A	0	188	0	232	0	206	0	166	0	24	0	42	0	40	0	42	0	12	0	16	0	20	0	234	0	184	0	104
rs533047701	113903987	G	C	0	188	0	232	0	206	0	166	0	24	0	42	0	40	0	42	0	12	0	16	0	20	0	234	0	184	0	104
rs544834850	113903987	G	GT	0	188	0	232	0	206	0	166	0	24	0	42	0	40	0	42	0	12	0	16	0	20	0	234	0	184	0	104
rs188732345	113904005	T	A	0	188	0	232	0	206	0	166	0	24	0	42	0	40	0	42	0	12	0	16	0	20	0	234	0	184	0	104
rs765201353	113904018	G	A	0	188	0	232	0	206	0	166	0	24	0	42	0	40	0	42	0	12	0	16	0	20	0	234	0	184	0	104
rs28364561	113904082	A	C	7	188	1	232	5	206	5	166	0	24	0	42	0	40	2	42	0	12	0	16	0	20	2	234	1	184	0	104
rs938021766	113904096	A	G	0	188	0	232	0	206	0	166	0	24	0	42	0	40	0	42	0	12	0	16	0	20	0	234	0	184	0	104
rs145393470	113904142	A	G	0	188	0	232	0	206	0	166	0	24	0	42	0	40	0	42	0	12	0	16	0	20	0	234	0	184	0	104
rs530136188	113904168	C	G	0	188	0	232	0	206	0	166	0	24	0	42	0	40	0	42	0	12	0	16	0	20	0	234	0	184	0	104
.	113904169	A	G	0	188	0	232	0	206	0	166	0	24	0	42	0	40	0	42	0	12	0	16	0	20	0	234	0	184	0	104
rs142618078	113904171	G	C	4	188	1	232	12	206	4	166	0	24	0	42	1	40	2	42	0	12	0	16	0	20	6	234	1	184	2	104
.	113904209	A	G	0	188	0	232	0	206	0	166	0	24	0	42	0	40	0	42	0	12	0	16	0	20	0	234	0	184	0	104
.	113904260	G	A	0	188	0	232	0	206	0	166	0	24	0	42	0	40	0	42	0	12	0	16	0	20	0	234	0	184	0	104
rs1476438825	113904291	G	A	0	188	0	232	0	206	0	166	0	24	0	42	0	40	0	42	0	12	0	16	0	20	0	234	0	184	0	104
rs28364562	113904329	T	C	1	188	1	232	0	206	4	166	0	24	0	42	0	40	0	42	0	12	1	16	1	20	5	234	2	184	3	104
rs532280142	113904388	A	G	0	188	1	232	0	206	0	166	0	24	0	42	0	40	0	42	0	12	0	16	0	20	0	234	0	184	0	104
rs6661817	113904412	G	C	19	188	22	232	9	206	6	166	1	24	6	42	1	40	1	42	0	12	2	16	3	20	8	234	17	184	13	104
rs111786426	113904419	C	T	1	188	1	232	0	206	9	166	0	24	0	42	0	40	1	42	0	12	0	16	0	20	0	234	0	184	1	104
.	113904470	GC	G	0	188	0	232	0	206	0	166	0	24	0	42	0	40	0	42	0	12	0	16	0	20	0	234	0	184	0	104
rs537536824	113904483	G	A	0	188	0	232	0	206	0	166	0	24	0	42	0	40	0	42	0	12	0	16	0	20	0	234	0	184	0	104
.	113904532	GAGACTGGGGCT	G	0	188	0	232	0	206	0	166	0	24	0	42	0	40	0	42	0	12	0	16	0	20	0	234	0	184	0	104
.	113904547	G	C	0	188	0	232	0	206	0	166	0	24	0	42	0	40	0	42	0	12	0	16	0	20	0	234	0	184	0	104
rs548302381	113904589	G	A	0	188	0	232	0	206	0	166	0	24	0	42	0	40	0	42	0	12	0	16	0	20	0	234	0	184	0	104
rs199523647	113904595	T	C	0	188	0	232	0	206	0	166	0	24	0	42	0	40	0	42	0	12	0	16	0	20	0	234	0	184	0	104
rs117872964	113904649	T	C	0	188	0	232	0	206	0	166	0	24	0	42	0	40	0	42	0	12	0	16	0	20	0	234	0	184	0	104
rs553819660	113904719	T	G	0	188	0	232	0	206	0	166	0	24	0	42	0	40	0	42	0	12	0	16	0	20	0	234	0	184	0	104
rs189000826	113904790	G	C	0	188	0	232	0	206	0	166	6	24	10	42	0	40	0	42	0	12	0	16	0	20	0	234	1	184	0	104
rs865997014	113904795	T	C	0	188	0	232	0	206	0	166	0	24	0	42	0	40	0	42	0	12	1	16	0	20	0	234	0	184	0	104
rs539344790	113904798	G	A	0	188	1	232	0	206	0	166	0	24	0	42	0	40	0	42	0	12	0	16	0	20	0	234	0	184	0	104
rs536223814	113904812	A	C	0	188	0	232	0	206	0	166	0	24	0	42	0	40	0	42	1	12	0	16	0	20	0	234	0	184	0	104
rs191565789	113904838	T	C	2	188	0	232	0	206	1	166	0	24	0	42	0	40	1	42	0	12	0	16	0	20	1	234	1	184	0	104
.	113904853	G	A	0	188	0	232	0	206	0	166	0	24	0	42	0	40	0	42	0	12	0	16	0	20	0	234	0	184	0	104
rs575828809	113904874	C	G	0	188	0	232	2	206	0	166	0	24	1	42	0	40	1	42	0	12	0	16	0	20	0	234	0	184	0	104
rs536181728	113904892	C	T	0	188	0	232	0	206	0	166	0	24	0	42	0	40	0	42	0	12	0	16	0	20	0	234	0	184	0	104
.	113904896	C	T	0	188	0	232	0	206	0	166	0	24	0	42	0	40	0	42	0	12	0	16	0	20	0	234	0	184	0	104
rs561405964	113904910	G	A	0	188	0	232	0	206	0	166	0	24	0	42	0	40	0	42	0	12	0	16	0	20	0	234	0	184	0	104
.	113904933	AG	A	0	188	0	232	0	206	0	166	0	24	0	42	0	40	0	42	0	12	0	16	0	20	0	234	0	184	0	104
rs28364563	113904937	C	T	0	188	0	232	0	206	0	166	0	24	0	42	0	38	0	42	0	12	0	16	0	20	0	234	0	184	0	104
rs1217397	113904943	G	A	116	188	157	232	145	206	104	166	4	24	17	42	28	40	30	42	6	12	10	16	14	20	171	234	120	184	66	104
rs189306022	113904989	T	C	0	188	0	232	0	206	0	166	0	24	0	42	0	40	0	42	0	12	0	16	0	20	0	234	0	184	0	104
rs113338770	113905000	C	T	1	188	1	232	0	206	9	166	0	24	0	42	0	40	1	42	0	12	0	16	0	20	1	234	0	184	1	104
rs552091954	113905002	G	C	0	188	0	232	1	206	0	166	0	24	0	42	0	40	0	42	0	12	0	16	0	20	0	234	0	184	0	104
.	113905002	G	T	0	188	0	232	0	206	0	166	0	24	0	42	0	40	0	42	0	12	0	16	0	20	0	234	0	184	0	104
rs28364564	113905020	C	T	1	188	2	232	5	206	0	166	0	24	0	42	0	40	0	42	0	12	0	16	0	20	3	234	6	184	0	104
.	113905060	C	G	0	188	0	232	0	206	0	166	0	24	0	42	0	40	0	42	0	12	0	16	0	20	0	234	0	184	0	104
.	113905066	T	C	0	188	0	232	0	206	0	166	0	24	0	42	0	40	0	42	0	12	0	16	0	20	0	234	0	184	0	104
rs975119117	113905079	C	T	0	188	0	232	0	206	0	166	0	24	0	42	0	40	0	42	0	12	0	16	0	20	0	234	0	184	0	104
rs531565513	113905133	G	A	0	188	0	232	0	206	0	166	0	24	0	42	0	40	0	42	0	12	0	16	0	20	0	234	0	184	0	104
.	113905141	A	C	0	188	0	232	0	206	0	166	0	24	0	42	0	40	0	42	0	12	0	16	0	20	0	234	0	184	0	104
.	113905150	A	G	0	188	0	232	0	206	0	166	0	24	0	42	0	40	0	42	0	12	0	16	0	20	0	234	0	184	0	104
rs1378997321	113905151	A	G	0	188	0	232	0	206	0	166	0	24	0	42	0	40	0	42	0	12	0	16	0	20	0	234	0	184	0	104
.	113905153	A	G	0	188	0	232	0	206	0	166	0	24	0	42	0	40	0	42	0	12	0	16	0	20	0	234	0	184	0	104
rs1217398	113905154	C	G	184	188	231	232	204	206	166	166	24	24	42	42	40	40	42	42	12	12	16	16	19	20	232	234	179	184	102	104
.	113905162	G	A	0	188	0	232	0	206	0	166	0	24	0	42	0	40	0	42	0	12	0	16	0	20	0	234	0	184	0	104
rs1316476091	113905169	C	T	0	188	0	232	0	206	0	166	0	24	0	42	0	40	0	42	0	12	0	16	0	20	0	234	0	184	0	104
rs186281241	113905187	C	T	0	188	0	232	0	206	0	166	0	24	0	42	0	40	0	42	0	12	0	16	0	20	0	234	0	184	0	104
rs533659472	113905192	T	C	0	188	0	232	0	206	0	166	0	24	0	42	0	40	0	42	0	12	0	16	0	20	0	234	0	184	0	104
rs547372260	113905193	C	G	4	188	0	232	1	206	0	166	0	24	0	42	0	40	0	42	0	12	0	16	0	20	1	234	0	184	0	104
rs189372881	113905195	C	A	0	188	0	232	0	206	0	166	0	24	0	42	0	40	0	42	0	12	0	16	0	20	0	234	0	184	0	104
rs182022902	113905200	C	T	0	188	0	232	0	206	0	166	0	24	0	42	0	40	0	42	0	12	0	16	0	20	0	234	0	184	0	104
rs539322999	113905205	C	T	0	188	0	232	0	206	0	166	0	24	0	42	0	40	0	42	0	12	0	16	0	20	0	234	0	184	0	104
rs1476706522	113905211	A	C	0	188	0	232	0	206	0	166	0	24	0	42	0	40	0	42	0	12	0	16	1	20	0	234	0	184	0	104
rs28364565	113905234	T	G	3	188	0	232	2	206	2	166	0	24	0	42	0	40	1	42	0	12	0	16	0	20	1	234	1	184	0	104
rs113177502	113905242	C	T	1	188	1	232	0	206	9	166	3	24	0	42	0	40	1	42	1	12	0	16	0	20	1	234	4	184	1	104
rs56246459	113905285	G	T	0	188	1	232	0	206	0	166	0	24	0	42	0	40	0	42	0	12	0	16	0	20	3	234	0	184	0	104
rs971173	113905292	G	T	143	188	193	232	168	206	128	166	9	24	23	42	37	40	34	42	8	12	13	16	15	20	198	234	145	184	79	104
