ID	POS	REF	ALT	ACB	GWD	ESN	MSL	MbutiPygmy	BiakaPygmy	Mandenka	Yoruba	San	BantuSouthAfrica	BantuKenya	YRI	LWK	ASW
rs562864894	206767538	C	T	0.0	0.0	0.0	0.0	0.0	0.0	0.0	0.0	0.0	0.0	0.0	0.0	0.0	0.0
rs555016588	206767542	T	C	0.0	0.0	0.0	0.0	0.0	0.0	0.0	0.0	0.0	0.0	0.0	0.004273504273504274	0.0	0.0
rs117106652	206767601	A	T	0.0	0.0	0.0	0.0	0.0	0.0	0.0	0.0	0.0	0.0	0.0	0.0	0.0	0.0
rs41432052	206767663	A	G	0.0	0.0	0.0	0.0	0.0	0.0	0.0	0.0	0.0	0.0	0.0	0.004273504273504274	0.0	0.0
rs41432052	206767663	A	C	0.0	0.0	0.0	0.0	0.0	0.0	0.0	0.0	0.0	0.0	0.0	0.004273504273504274	0.0	0.0
rs575320961	206767666	G	A	0.0	0.0	0.0	0.0	0.0	0.0	0.0	0.0	0.0	0.0	0.0	0.0	0.0	0.0
rs3024499	206767684	T	C	0.010638297872340425	0.0	0.009708737864077669	0.03614457831325301	0.041666666666666664	0.0	0.0	0.023809523809523808	0.0	0.125	0.0	0.017094017094017096	0.016304347826086956	0.009615384615384616
rs911652710	206767699	T	C	0.0	0.0	0.0	0.0	0.0	0.0	0.0	0.0	0.0	0.0	0.0	0.0	0.0	0.0
rs1295041497	206767725	A	ATTTATT	0.0	0.0	0.0	0.0	0.0	0.0	0.0	0.0	0.0	0.0	0.0	0.0	0.0	0.0
rs563939146	206767755	A	T	0.0	0.0	0.0	0.0	0.0	0.0	0.0	0.0	0.0	0.0	0.0	0.0	0.0	0.0
rs577489766	206767763	T	G	0.0	0.0	0.0	0.0	0.0	0.0	0.0	0.0	0.0	0.0	0.0	0.0	0.0	0.0
.	206767823	G	A	0.0	0.0	0.0	0.0	0.0	0.0	0.0	0.0	0.0	0.0	0.0	0.0	0.0	0.0
rs6687786	206767875	G	A	0.10106382978723404	0.08189655172413793	0.0825242718446602	0.03614457831325301	0.0	0.047619047619047616	0.05	0.047619047619047616	0.25	0.25	0.05	0.09829059829059829	0.06521739130434782	0.028846153846153848
rs560076279	206767876	C	T	0.0	0.0	0.0	0.0	0.0	0.0	0.0	0.0	0.0	0.0	0.0	0.0	0.0	0.0
.	206767876	C	A	0.0	0.0	0.0	0.0	0.0	0.0	0.0	0.0	0.0	0.0	0.0	0.0	0.0	0.0
rs528755040	206767878	C	T	0.005319148936170213	0.0	0.014563106796116505	0.0	0.0	0.0	0.0	0.0	0.0	0.0	0.05	0.017094017094017096	0.016304347826086956	0.019230769230769232
rs548565659	206767879	G	A	0.0	0.0	0.0	0.006024096385542169	0.0	0.0	0.0	0.0	0.0	0.0	0.0	0.0	0.0	0.0
rs561904879	206767890	C	T	0.005319148936170213	0.021551724137931036	0.009708737864077669	0.006024096385542169	0.0	0.0	0.05	0.0	0.0	0.0	0.0	0.01282051282051282	0.0	0.0
rs374338753	206767896	A	T	0.0	0.008620689655172414	0.0	0.006024096385542169	0.0	0.0	0.0	0.0	0.0	0.0	0.0	0.0	0.0	0.0
.	206767902	G	GTAT	0.0	0.0	0.0	0.0	0.0	0.0	0.0	0.0	0.0	0.0	0.0	0.0	0.0	0.0
rs1404369905	206767926	C	T	0.0	0.0	0.0	0.0	0.0	0.0	0.0	0.0	0.0	0.0	0.0	0.0	0.0	0.0
rs560237614	206767937	C	T	0.0	0.0	0.0	0.0	0.041666666666666664	0.0	0.0	0.0	0.16666666666666666	0.0	0.0	0.0	0.0	0.0
.	206768020	G	GCGCC	0.0	0.0	0.0	0.0	0.0	0.0	0.0	0.0	0.0	0.0	0.0	0.0	0.0	0.0
rs550777040	206768022	G	A	0.0	0.0	0.0	0.0	0.0	0.0	0.0	0.0	0.0	0.0	0.0	0.0	0.0	0.0
rs570361233	206768025	C	T	0.0	0.0	0.0	0.0	0.0	0.0	0.0	0.0	0.0	0.0	0.0	0.0	0.0	0.0
rs888877216	206768026	G	A	0.0	0.0	0.0	0.0	0.0	0.0	0.0	0.0	0.0	0.0	0.0	0.004273504273504274	0.0	0.0
rs539240685	206768117	T	C	0.0	0.0	0.0	0.0	0.0	0.0	0.0	0.0	0.0	0.0	0.0	0.0	0.0	0.0
rs6697497	206768118	C	T	0.10106382978723404	0.08189655172413793	0.0825242718446602	0.03614457831325301	0.0	0.047619047619047616	0.05	0.047619047619047616	0.16666666666666666	0.1875	0.05	0.09829059829059829	0.06521739130434782	0.028846153846153848
rs571163057	206768119	C	T	0.0	0.008620689655172414	0.0	0.0	0.0	0.0	0.0	0.0	0.0	0.0	0.0	0.0	0.0	0.0
.	206768125	A	T	0.0	0.0	0.0	0.0	0.0	0.0	0.0	0.0	0.0	0.0	0.0	0.0	0.0	0.0
rs187809496	206768158	C	T	0.0	0.0	0.0	0.0	0.0	0.0	0.0	0.0	0.0	0.0	0.0	0.0	0.0	0.0
rs3024498	206768184	T	C	0.10106382978723404	0.10344827586206896	0.11650485436893204	0.0783132530120482	0.0	0.09523809523809523	0.15	0.11904761904761904	0.0	0.0625	0.1	0.09829059829059829	0.08152173913043478	0.14423076923076922
rs575113742	206768189	G	A	0.010638297872340425	0.0	0.0	0.0	0.0	0.0	0.0	0.0	0.0	0.0	0.0	0.0	0.0	0.0
rs1572537420	206768222	T	A	0.0	0.0	0.0	0.0	0.08333333333333333	0.0	0.0	0.0	0.0	0.0	0.0	0.0	0.0	0.0
rs192339923	206768234	C	G	0.0	0.0	0.0	0.0	0.0	0.0	0.0	0.0	0.0	0.0	0.0	0.0	0.0	0.0
rs184501501	206768263	G	A	0.0	0.0	0.0	0.0	0.0	0.0	0.0	0.0	0.0	0.0	0.0	0.0	0.0	0.0
rs1572537467	206768287	T	A	0.0	0.0	0.0	0.0	0.0	0.0	0.0	0.0	0.0	0.0	0.0	0.0	0.0	0.0
rs3024510	206768291	T	A	0.0	0.0	0.0	0.0	0.0	0.0	0.0	0.0	0.0	0.0	0.0	0.0	0.0	0.0
.	206768295	C	T	0.0	0.0	0.0	0.0	0.0	0.0	0.0	0.0	0.0	0.0	0.0	0.0	0.0	0.0
rs1344327315	206768298	C	T	0.0	0.0	0.0	0.0	0.0	0.0	0.0	0.0	0.0	0.0	0.0	0.0	0.0	0.0
rs879326436	206768301	A	G	0.0	0.0	0.0	0.0	0.0	0.0	0.0	0.0	0.0	0.0	0.0	0.0	0.0	0.0
rs9282739	206768308	AT	A	0.11702127659574468	0.11206896551724138	0.0825242718446602	0.03614457831325301	0.0	0.047619047619047616	0.05	0.047619047619047616	0.25	0.25	0.16666666666666666	0.09829059829059829	0.11413043478260869	0.04807692307692308
.	206768308	A	AT	0.0	0.0	0.0	0.0	0.0	0.0	0.0	0.0	0.0	0.0	0.0	0.0	0.0	0.0
.	206768315	T	A	0.0	0.0	0.0	0.0	0.0	0.0	0.0	0.0	0.0	0.0	0.0	0.0	0.0	0.0
rs546429481	206768321	C	G	0.005319148936170213	0.0	0.0	0.0	0.0	0.0	0.0	0.0	0.0	0.0	0.0	0.0	0.0	0.0
rs368980024	206768361	CA	C	0.0	0.0	0.0	0.0	0.0	0.023809523809523808	0.0	0.0	0.0	0.0	0.0	0.0	0.0	0.0
rs377219184	206768416	GA	G	0.0	0.0	0.0048543689320388345	0.0	0.0	0.0	0.0	0.0	0.0	0.0	0.0	0.0	0.0	0.0
rs3024497	206768445	T	C	0.010638297872340425	0.01293103448275862	0.0048543689320388345	0.012048192771084338	0.0	0.0	0.0	0.0	0.0	0.0	0.0	0.029914529914529916	0.0	0.009615384615384616
rs573600925	206768450	C	T	0.0	0.0	0.0	0.0	0.0	0.0	0.0	0.0	0.0	0.0	0.0	0.0	0.0	0.0
rs564663343	206768457	A	C	0.0	0.0	0.0	0.0	0.0	0.0	0.0	0.0	0.08333333333333333	0.0625	0.0	0.0	0.0	0.0
rs542122467	206768503	G	A	0.0	0.0	0.0	0.0	0.0	0.0	0.0	0.0	0.0	0.0	0.0	0.0	0.0	0.0
rs3024496	206768519	A	G	0.425531914893617	0.3793103448275862	0.4077669902912621	0.30120481927710846	0.6666666666666666	0.47619047619047616	0.425	0.23809523809523808	0.8333333333333334	0.5	0.55	0.37606837606837606	0.45108695652173914	0.3942307692307692
rs550499096	206768530	A	C	0.0	0.0	0.0	0.0	0.0	0.0	0.0	0.0	0.08333333333333333	0.0	0.0	0.0	0.005434782608695652	0.0
rs551095470	206768549	C	A	0.0	0.0	0.0	0.0	0.0	0.0	0.0	0.0	0.0	0.0	0.0	0.0	0.005434782608695652	0.0
rs564250212	206768583	T	G	0.005319148936170213	0.0	0.0	0.0	0.0	0.0	0.0	0.0	0.0	0.0	0.0	0.0	0.0	0.0
rs5743628	206768600	A	G	0.0	0.0	0.0	0.0	0.0	0.0	0.0	0.0	0.0	0.0	0.0	0.0	0.0	0.0
rs769386058	206768604	C	G	0.0	0.0	0.0	0.0	0.0	0.0	0.0	0.0	0.0	0.0	0.0	0.0	0.0	0.0
rs184443461	206768605	C	T	0.0	0.0	0.0	0.0	0.0	0.0	0.0	0.0	0.0	0.0	0.0	0.0	0.0	0.0
rs566298748	206768614	A	G	0.0	0.0	0.0	0.0	0.0	0.0	0.0	0.0	0.0	0.0	0.0	0.0	0.0	0.0
rs45588933	206768621	C	G	0.0	0.0	0.0	0.0	0.0	0.0	0.0	0.0	0.0	0.0	0.0	0.0	0.0	0.0
rs372713507	206768630	G	C	0.0	0.0	0.0	0.0	0.0	0.023809523809523808	0.0	0.0	0.0	0.0	0.0	0.0	0.0	0.0
rs201661909	206768634	T	C	0.0	0.0	0.0	0.0	0.0	0.0	0.0	0.0	0.0	0.0	0.0	0.0	0.0	0.0
rs568879359	206768666	T	G	0.0	0.0	0.0	0.006024096385542169	0.0	0.0	0.0	0.0	0.0	0.0	0.0	0.004273504273504274	0.0	0.0
.	206768684	G	A	0.0	0.0	0.0	0.0	0.0	0.0	0.0	0.0	0.0	0.0	0.0	0.0	0.0	0.0
rs537430561	206768771	G	C	0.0	0.0	0.0	0.0	0.0	0.0	0.0	0.0	0.0	0.0	0.0	0.0	0.0	0.0
rs568651896	206768824	G	A	0.0	0.0	0.0	0.0	0.0	0.0	0.0	0.0	0.08333333333333333	0.0	0.0	0.0	0.0	0.0
rs116095092	206768830	G	A	0.0	0.0	0.0	0.0	0.0	0.0	0.0	0.0	0.0	0.0	0.0	0.0	0.0	0.0
rs45587633	206768842	C	T	0.0	0.0	0.0	0.0	0.0	0.0	0.0	0.0	0.0	0.0	0.0	0.0	0.0	0.0
.	206768864	A	G	0.0	0.0	0.0	0.0	0.0	0.0	0.0	0.0	0.0	0.0	0.0	0.0	0.0	0.0
rs45553632	206768872	G	A	0.0	0.0	0.0	0.0	0.0	0.0	0.0	0.0	0.0	0.0	0.0	0.0	0.0	0.0
rs553618518	206768894	C	T	0.0	0.0	0.0	0.0	0.0	0.0	0.0	0.0	0.0	0.0	0.0	0.0	0.0	0.0
rs45611331	206768899	C	T	0.0	0.0	0.0	0.0	0.0	0.0	0.0	0.0	0.0	0.0	0.0	0.0	0.0	0.0
rs45611331	206768899	C	G	0.0	0.0	0.0	0.0	0.0	0.0	0.0	0.0	0.0	0.0	0.0	0.0	0.0	0.0
rs79782619	206768910	A	G	0.0	0.004310344827586207	0.0	0.0	0.0	0.0	0.0	0.0	0.0	0.0	0.0	0.0	0.0	0.0
rs757029841	206768923	C	T	0.0	0.0	0.0	0.0	0.0	0.0	0.0	0.0	0.0	0.0	0.0	0.0	0.0	0.0
rs371798099	206768941	G	A	0.0	0.0	0.0	0.0	0.0	0.0	0.0	0.0	0.0	0.0	0.0	0.0	0.0	0.0
rs754838158	206769001	C	T	0.0	0.0	0.0	0.0	0.0	0.0	0.0	0.0	0.0	0.0	0.0	0.0	0.0	0.0
rs575853731	206769002	G	A	0.0	0.0	0.0	0.0	0.0	0.0	0.0	0.0	0.0	0.0	0.0	0.0	0.0	0.0
rs984012201	206769004	A	G	0.0	0.0	0.0	0.0	0.0	0.047619047619047616	0.0	0.0	0.0	0.0	0.0	0.0	0.0	0.0
rs544287270	206769053	G	T	0.0	0.0	0.0	0.0	0.0	0.0	0.0	0.0	0.0	0.0	0.0	0.0	0.0	0.0
rs3024495	206769068	C	T	0.02127659574468085	0.008620689655172414	0.019417475728155338	0.0	0.0	0.0	0.0	0.023809523809523808	0.08333333333333333	0.0	0.0	0.01282051282051282	0.021739130434782608	0.028846153846153848
rs45483192	206769089	C	A	0.0	0.0	0.0	0.0	0.0	0.0	0.0	0.0	0.0	0.0	0.0	0.0	0.0	0.0
rs540316331	206769110	C	T	0.0	0.0	0.0	0.0	0.0	0.0	0.0	0.0	0.0	0.0	0.0	0.0	0.0	0.0
rs559941631	206769142	C	T	0.0	0.0	0.0	0.0	0.0	0.0	0.0	0.0	0.0	0.0	0.0	0.0	0.0	0.0
rs113514099	206769170	C	G	0.0	0.0	0.0	0.0	0.0	0.0	0.0	0.0	0.08333333333333333	0.0	0.0	0.0	0.0	0.0
rs529073329	206769260	G	A	0.0	0.0	0.0	0.0	0.0	0.0	0.0	0.0	0.0	0.0	0.0	0.0	0.0	0.0
.	206769267	C	T	0.0	0.0	0.0	0.0	0.0	0.0	0.0	0.0	0.0	0.0	0.0	0.0	0.0	0.0
rs189330606	206769288	C	T	0.0	0.0	0.0048543689320388345	0.0	0.0	0.14285714285714285	0.0	0.0	0.08333333333333333	0.0	0.05	0.0	0.005434782608695652	0.0
rs1202204096	206769295	G	A	0.0	0.0	0.0	0.0	0.0	0.0	0.0	0.0	0.0	0.0	0.0	0.0	0.0	0.0
rs569063013	206769350	C	T	0.0	0.0	0.0	0.0	0.0	0.0	0.0	0.0	0.0	0.0	0.0	0.0	0.0	0.0
.	206769360	C	A	0.0	0.0	0.0	0.0	0.0	0.0	0.0	0.0	0.0	0.0	0.0	0.0	0.0	0.0
rs111408517	206769371	T	G	0.0	0.0	0.0	0.0	0.0	0.0	0.0	0.0	0.08333333333333333	0.0625	0.0	0.0	0.0	0.0
.	206769422	T	G	0.0	0.0	0.0	0.0	0.0	0.0	0.0	0.0	0.0	0.0	0.0	0.0	0.0	0.0
.	206769428	C	T	0.0	0.0	0.0	0.0	0.0	0.0	0.0	0.0	0.0	0.0	0.0	0.0	0.0	0.0
rs180814796	206769460	C	G	0.0	0.0	0.0	0.0	0.0	0.0	0.0	0.0	0.0	0.0	0.0	0.0	0.0	0.0
.	206769473	C	A	0.0	0.0	0.0	0.0	0.0	0.0	0.0	0.0	0.0	0.0	0.0	0.0	0.0	0.0
rs769400169	206769485	G	A	0.0	0.0	0.0	0.0	0.0	0.0	0.0	0.0	0.0	0.0	0.0	0.0	0.0	0.0
rs186372424	206769573	C	T	0.0	0.0	0.0	0.0	0.0	0.0	0.0	0.0	0.0	0.0	0.0	0.0	0.0	0.009615384615384616
rs956449092	206769574	G	A	0.0	0.0	0.0	0.0	0.0	0.0	0.0	0.0	0.0	0.0	0.0	0.0	0.0	0.0
rs376366616	206769589	C	A	0.0	0.008620689655172414	0.0	0.006024096385542169	0.0	0.0	0.0	0.0	0.08333333333333333	0.0	0.0	0.0	0.0	0.0
rs551418281	206769603	C	T	0.0	0.0	0.0	0.0	0.0	0.0	0.0	0.0	0.0	0.0	0.0	0.0	0.0	0.0
.	206769678	G	GA	0.0	0.0	0.0	0.0	0.0	0.0	0.0	0.0	0.0	0.0	0.0	0.0	0.0	0.0
.	206769698	C	A	0.0	0.0	0.0	0.0	0.0	0.0	0.0	0.0	0.0	0.0	0.0	0.0	0.0	0.0
rs571227477	206769736	C	T	0.0	0.0	0.0	0.0	0.0	0.0	0.0	0.0	0.0	0.0	0.0	0.0	0.0	0.0
.	206769763	C	CTTTGGGG	0.0	0.0	0.0	0.0	0.0	0.0	0.0	0.0	0.0	0.0	0.0	0.0	0.0	0.0
rs5743627	206769771	T	C	0.0	0.0	0.0	0.0	0.0	0.0	0.0	0.0	0.0	0.0	0.0	0.0	0.0	0.0
rs139075401	206769793	G	T	0.0	0.0	0.0	0.0	0.0	0.0	0.0	0.0	0.0	0.0	0.0	0.0	0.0	0.0
rs3024509	206769952	A	G	0.010638297872340425	0.0	0.0	0.0	0.0	0.0	0.025	0.0	0.0	0.0	0.0	0.0	0.0	0.038461538461538464
rs181663677	206769957	G	A	0.0	0.0	0.0	0.0	0.0	0.0	0.0	0.0	0.0	0.0	0.0	0.0	0.0	0.0
rs555882673	206769971	G	T	0.0	0.0	0.0	0.0	0.0	0.0	0.0	0.0	0.0	0.0	0.0	0.0	0.0	0.0
rs575873427	206769973	C	G	0.0	0.0	0.0	0.0	0.0	0.0	0.0	0.0	0.0	0.0	0.0	0.0	0.010869565217391304	0.0
rs1572538471	206769975	T	A	0.0	0.0	0.0	0.0	0.0	0.0	0.0	0.0	0.0	0.0	0.0	0.0	0.0	0.0
rs78082264	206769976	C	A	0.02127659574468085	0.0	0.04854368932038835	0.006024096385542169	0.0	0.023809523809523808	0.0	0.023809523809523808	0.0	0.0625	0.05	0.029914529914529916	0.016304347826086956	0.0
rs3024494	206770006	T	C	0.898936170212766	0.9267241379310345	0.8883495145631068	0.9578313253012049	0.9583333333333334	0.8333333333333334	0.9	0.7857142857142857	1.0	0.9375	0.95	0.9188034188034188	0.9130434782608695	0.9230769230769231
rs3024508	206770065	A	C	0.0	0.0	0.0	0.0	0.0	0.0	0.0	0.0	0.0	0.0	0.0	0.0	0.0	0.019230769230769232
rs185700425	206770079	C	T	0.0	0.0	0.0	0.0	0.0	0.0	0.0	0.0	0.0	0.0	0.0	0.0	0.0	0.0
rs56190222	206770105	A	G	0.0	0.0	0.0	0.0	0.0	0.0	0.0	0.0	0.0	0.0	0.0	0.0	0.0	0.0
rs369896092	206770135	C	T	0.0	0.0	0.0	0.0	0.0	0.0	0.0	0.0	0.0	0.0	0.0	0.0	0.0	0.0
rs542458008	206770160	G	A	0.0	0.004310344827586207	0.0	0.0	0.0	0.0	0.0	0.0	0.0	0.0	0.0	0.0	0.0	0.0
rs562675615	206770172	G	A	0.0	0.0	0.0	0.0	0.0	0.0	0.025	0.0	0.0	0.0	0.0	0.0	0.0	0.0
rs879852486	206770172	GAGGCA	G	0.0	0.0	0.0	0.0	0.0	0.0	0.0	0.0	0.0	0.0	0.0	0.0	0.0	0.0
rs879517238	206770177	A	ATCCTT	0.0	0.0	0.0	0.0	0.0	0.0	0.0	0.0	0.0	0.0	0.0	0.0	0.0	0.0
.	206770216	C	T	0.0	0.0	0.0	0.0	0.0	0.0	0.0	0.0	0.0	0.0	0.0	0.0	0.0	0.0
rs190113461	206770224	C	T	0.0	0.0	0.0	0.0	0.0	0.0	0.0	0.0	0.0	0.0	0.0	0.0	0.0	0.0
.	206770265	G	T	0.0	0.0	0.0	0.0	0.0	0.0	0.0	0.0	0.0	0.0	0.0	0.0	0.0	0.0
rs536320431	206770316	C	T	0.0	0.0	0.0	0.0	0.0	0.0	0.0	0.0	0.0	0.0	0.0	0.0	0.0	0.0
rs1878672	206770368	G	C	0.26063829787234044	0.2543103448275862	0.2912621359223301	0.21686746987951808	0.6666666666666666	0.2857142857142857	0.375	0.19047619047619047	0.3333333333333333	0.1875	0.2	0.24786324786324787	0.27717391304347827	0.3269230769230769
rs931121407	206770380	A	G	0.0	0.0	0.0	0.0	0.0	0.0	0.0	0.0	0.0	0.0	0.0	0.0	0.0	0.0
rs1217518557	206770397	A	T	0.0	0.0	0.0	0.0	0.0	0.0	0.0	0.0	0.0	0.0	0.0	0.0	0.0	0.0
rs569420470	206770409	T	C	0.0	0.0	0.0	0.0	0.0	0.0	0.0	0.0	0.0	0.0	0.0	0.0	0.0	0.0
rs538177424	206770420	A	C	0.0	0.0	0.0	0.0	0.0	0.0	0.0	0.0	0.0	0.0	0.0	0.0	0.0	0.0
.	206770444	C	G	0.0	0.0	0.0	0.0	0.0	0.0	0.0	0.0	0.0	0.0	0.0	0.0	0.0	0.0
.	206770511	C	G	0.0	0.0	0.0	0.0	0.0	0.0	0.0	0.0	0.0	0.0	0.0	0.0	0.0	0.0
rs967469305	206770550	T	A	0.0	0.0	0.0	0.0	0.0	0.0	0.0	0.0	0.0	0.0	0.0	0.0	0.0	0.0
rs3024493	206770623	C	A	0.02127659574468085	0.008620689655172414	0.019417475728155338	0.0	0.0	0.0	0.0	0.023809523809523808	0.0	0.0	0.0	0.01282051282051282	0.021739130434782608	0.028846153846153848
rs1207437194	206770648	T	C	0.0	0.0	0.0	0.0	0.0	0.0	0.0	0.0	0.0	0.0	0.0	0.0	0.0	0.0
rs183156478	206770659	C	T	0.0	0.0	0.0	0.0	0.0	0.0	0.0	0.0	0.0	0.0	0.0	0.004273504273504274	0.0	0.0
rs187648997	206770705	A	G	0.0	0.0	0.0	0.0	0.0	0.0	0.0	0.0	0.0	0.0	0.0	0.0	0.0	0.0
rs187648997	206770705	A	T	0.0	0.0	0.0	0.0	0.0	0.0	0.0	0.0	0.0	0.0	0.0	0.0	0.0	0.0
rs3024507	206770732	C	T	0.010638297872340425	0.0	0.0	0.0	0.0	0.0	0.0	0.0	0.0	0.0	0.0	0.0	0.0	0.019230769230769232
rs574072199	206770746	G	C	0.0	0.0	0.0	0.0	0.0	0.0	0.0	0.0	0.0	0.0	0.0	0.0	0.0	0.0
rs3024492	206770767	T	A	0.031914893617021274	0.004310344827586207	0.0	0.006024096385542169	0.0	0.0	0.0	0.0	0.0	0.0	0.0	0.0	0.0	0.07692307692307693
rs562575549	206770769	C	T	0.0	0.004310344827586207	0.0	0.006024096385542169	0.0	0.0	0.0	0.0	0.0	0.0	0.0	0.0	0.0	0.0
rs1262179470	206770825	G	A	0.0	0.0	0.0	0.0	0.0	0.0	0.0	0.0	0.0	0.0	0.0	0.0	0.0	0.0
rs1554286	206770888	A	G	0.6329787234042553	0.5344827586206896	0.5388349514563107	0.5120481927710844	0.75	0.6904761904761905	0.45	0.4523809523809524	0.9166666666666666	0.6875	0.7	0.5427350427350427	0.6086956521739131	0.6346153846153846
rs200235675	206770894	A	T	0.0	0.0	0.0	0.0	0.0	0.0	0.0	0.0	0.0	0.0	0.0	0.0	0.0	0.009615384615384616
rs201365412	206770914	C	T	0.0	0.0	0.0	0.0	0.0	0.0	0.0	0.0	0.0	0.0	0.0	0.0	0.0	0.0
rs5743626	206770940	G	A	0.0	0.0	0.0	0.0	0.0	0.0	0.0	0.0	0.0	0.0	0.0	0.004273504273504274	0.0	0.0
rs547437506	206770961	A	G	0.0	0.004310344827586207	0.0	0.0	0.0	0.0	0.0	0.0	0.0	0.0	0.0	0.0	0.0	0.0
rs560908141	206770964	C	T	0.005319148936170213	0.0	0.0	0.0	0.0	0.0	0.0	0.0	0.0	0.0	0.0	0.0	0.0	0.0
rs762750138	206771036	C	A	0.0	0.0	0.0	0.0	0.0	0.0	0.0	0.0	0.0	0.0	0.0	0.0	0.0	0.0
rs139352858	206771057	A	G	0.0	0.0	0.0048543689320388345	0.0	0.0	0.0	0.0	0.023809523809523808	0.0	0.0	0.0	0.0	0.0	0.009615384615384616
rs549828182	206771066	G	T	0.0	0.004310344827586207	0.0	0.0	0.0	0.0	0.0	0.0	0.0	0.0	0.0	0.0	0.0	0.0
rs569399482	206771095	C	T	0.0	0.0	0.0	0.0	0.0	0.0	0.0	0.0	0.0	0.0	0.0	0.0	0.0	0.0
rs538037506	206771117	C	A	0.0	0.0	0.0	0.0	0.0	0.0	0.0	0.0	0.0	0.0	0.0	0.0	0.005434782608695652	0.0
rs752079099	206771154	C	T	0.0	0.0	0.0	0.0	0.0	0.0	0.0	0.0	0.0	0.0	0.0	0.0	0.0	0.0
rs551516761	206771160	T	C	0.0	0.0	0.0048543689320388345	0.0	0.0	0.0	0.0	0.023809523809523808	0.0	0.0	0.0	0.0	0.0	0.0
rs571608526	206771180	C	T	0.0	0.0	0.0	0.0	0.0	0.0	0.0	0.0	0.0	0.0	0.0	0.0	0.0	0.0
rs534191384	206771259	C	T	0.0	0.0	0.0	0.0	0.0	0.0	0.0	0.0	0.0	0.0	0.0	0.0	0.0	0.0
rs148703263	206771272	C	A	0.0	0.0	0.0	0.0	0.0	0.0	0.0	0.0	0.0	0.0	0.0	0.0	0.0	0.0
rs370491306	206771282	T	C	0.0	0.0	0.0	0.0	0.0	0.0	0.0	0.0	0.0	0.0	0.0	0.0	0.0	0.0
rs1188251895	206771295	CAG	C	0.0	0.0	0.0	0.0	0.0	0.0	0.0	0.0	0.0	0.0	0.0	0.0	0.0	0.0
rs1518111	206771300	T	C	0.6223404255319149	0.5344827586206896	0.5339805825242718	0.5120481927710844	0.75	0.6904761904761905	0.45	0.4523809523809524	0.9166666666666666	0.6875	0.7	0.5384615384615384	0.6086956521739131	0.6346153846153846
rs3024506	206771314	A	G	0.0	0.0	0.0	0.0	0.0	0.0	0.0	0.0	0.0	0.0	0.0	0.0	0.0	0.0
rs376490444	206771338	C	T	0.005319148936170213	0.0	0.0	0.0	0.0	0.023809523809523808	0.0	0.0	0.0	0.0	0.0	0.0	0.0	0.0
rs545228684	206771366	T	C	0.0	0.0	0.0	0.0	0.0	0.0	0.0	0.0	0.0	0.0	0.0	0.0	0.0	0.0
rs200783164	206771370	G	T	0.0	0.0	0.0	0.0	0.0	0.0	0.0	0.0	0.0	0.0	0.0	0.0	0.0	0.0
rs191140520	206771430	A	G	0.0	0.0	0.0	0.0	0.0	0.0	0.0	0.0	0.0	0.0	0.0	0.0	0.0	0.0
.	206771431	A	G	0.0	0.0	0.0	0.0	0.0	0.0	0.0	0.0	0.0	0.0	0.0	0.0	0.0	0.0
rs113681733	206771440	G	T	0.0	0.0	0.0	0.0	0.0	0.0	0.0	0.0	0.08333333333333333	0.0	0.0	0.0	0.0	0.0
rs74477346	206771460	T	C	0.047872340425531915	0.017241379310344827	0.03398058252427184	0.04819277108433735	0.0	0.14285714285714285	0.0	0.0	0.25	0.0625	0.2	0.02564102564102564	0.059782608695652176	0.019230769230769232
rs796741475	206771500	AT	A	0.0	0.004310344827586207	0.0	0.0	0.0	0.0	0.0	0.0	0.0	0.0	0.0	0.0	0.0	0.0
rs796741475	206771500	A	AT	0.0	0.004310344827586207	0.0	0.0	0.0	0.0	0.0	0.0	0.0	0.0	0.0	0.0	0.0	0.0
.	206771508	T	G	0.0	0.0	0.0	0.0	0.0	0.0	0.0	0.0	0.0	0.0	0.0	0.0	0.0	0.0
rs369837271	206771511	T	A	0.0	0.008620689655172414	0.0	0.006024096385542169	0.0	0.0	0.0	0.0	0.0	0.0	0.0	0.0	0.0	0.0
rs1518110	206771516	A	C	0.6223404255319149	0.5344827586206896	0.5339805825242718	0.5120481927710844	0.75	0.6904761904761905	0.45	0.4523809523809524	0.9166666666666666	0.6875	0.7	0.5384615384615384	0.6086956521739131	0.6346153846153846
rs549649349	206771537	A	C	0.0	0.0	0.0	0.0	0.0	0.0	0.0	0.0	0.0	0.0625	0.0	0.0	0.0	0.0
rs563404627	206771572	A	G	0.0	0.0	0.0	0.0	0.0	0.0	0.0	0.0	0.0	0.0	0.0	0.0	0.0	0.0
rs1572539555	206771599	G	T	0.0	0.0	0.0	0.0	0.0	0.0	0.0	0.0	0.0	0.0	0.0	0.0	0.0	0.0
rs532028817	206771606	C	T	0.0	0.0	0.0	0.0	0.0	0.0	0.0	0.0	0.0	0.0	0.0	0.0	0.0	0.0
rs3021094	206771607	T	G	0.02127659574468085	0.0	0.0	0.0	0.0	0.0	0.0	0.0	0.0	0.0	0.0	0.004273504273504274	0.0	0.019230769230769232
rs571473549	206771670	A	G	0.0	0.0	0.0	0.0	0.0	0.0	0.0	0.0	0.0	0.0	0.0	0.0	0.0	0.0
rs373403621	206771676	G	A	0.0	0.0	0.0	0.0	0.0	0.023809523809523808	0.0	0.0	0.0	0.0	0.0	0.0	0.0	0.0
rs147839909	206771686	C	T	0.0	0.0	0.0	0.0	0.0	0.0	0.0	0.0	0.0	0.0	0.0	0.004273504273504274	0.0	0.0
rs3024491	206771701	C	A	0.26063829787234044	0.2543103448275862	0.2912621359223301	0.22289156626506024	0.6666666666666666	0.2857142857142857	0.375	0.23809523809523808	0.3333333333333333	0.1875	0.2	0.25213675213675213	0.27717391304347827	0.3269230769230769
rs567598552	206771702	G	A	0.0	0.0	0.0	0.0	0.0	0.0	0.0	0.0	0.0	0.0	0.0	0.0	0.0	0.0
rs917417176	206771731	C	T	0.0	0.0	0.0	0.0	0.0	0.0	0.0	0.0	0.0	0.0	0.0	0.0	0.0	0.0
rs536659494	206771732	G	C	0.0	0.0	0.0	0.0	0.0	0.0	0.0	0.0	0.0	0.0	0.0	0.0	0.0	0.0
rs556239663	206771748	C	T	0.0	0.0	0.0	0.0	0.0	0.0	0.0	0.0	0.0	0.0	0.0	0.0	0.0	0.0
rs570186303	206771786	A	G	0.0	0.0	0.0	0.0	0.0	0.0	0.0	0.0	0.0	0.0	0.0	0.0	0.0	0.0
rs139686222	206771789	C	A	0.0	0.0	0.0	0.0	0.0	0.0	0.0	0.0	0.0	0.0	0.0	0.0	0.0	0.0
rs3790622	206771818	G	A	0.0	0.0	0.0	0.0	0.0	0.0	0.0	0.0	0.0	0.0	0.0	0.0	0.0	0.0
rs572250129	206771831	C	T	0.0	0.0	0.0	0.0	0.0	0.0	0.0	0.0	0.0	0.0	0.0	0.0	0.0	0.0
rs541015585	206771840	C	T	0.0	0.0	0.0	0.0	0.0	0.0	0.0	0.0	0.0	0.0	0.0	0.0	0.0	0.0
rs182562553	206771843	G	A	0.0	0.01293103448275862	0.0	0.0	0.0	0.0	0.025	0.0	0.0	0.0	0.0	0.0	0.010869565217391304	0.0
rs574602524	206771897	G	A	0.0	0.0	0.0	0.0	0.0	0.0	0.0	0.0	0.0	0.0	0.0	0.0	0.0	0.0
rs45499395	206771930	G	A	0.0	0.0	0.0	0.0	0.0	0.0	0.0	0.0	0.0	0.0	0.0	0.0	0.0	0.0
rs562913118	206771949	T	G	0.0	0.0	0.0	0.0	0.0	0.0	0.0	0.0	0.0	0.0	0.0	0.0	0.0	0.009615384615384616
rs140487354	206771958	AAT	A	0.0425531914893617	0.06465517241379311	0.03398058252427184	0.05421686746987952	0.08333333333333333	0.14285714285714285	0.025	0.047619047619047616	0.08333333333333333	0.125	0.1	0.03418803418803419	0.04891304347826087	0.0673076923076923
rs3024490	206771966	A	C	0.6170212765957447	0.5344827586206896	0.5339805825242718	0.5060240963855421	0.75	0.6904761904761905	0.45	0.4523809523809524	0.9166666666666666	0.6875	0.7	0.5341880341880342	0.6086956521739131	0.6346153846153846
.	206771989	T	C	0.0	0.0	0.0	0.0	0.0	0.0	0.0	0.0	0.0	0.0	0.0	0.0	0.0	0.0
rs545476997	206772007	C	A	0.0	0.0	0.0	0.0	0.0	0.0	0.0	0.0	0.0	0.0	0.0	0.0	0.0	0.0
rs2222202	206772036	G	A	0.26063829787234044	0.2543103448275862	0.2912621359223301	0.22289156626506024	0.6666666666666666	0.2857142857142857	0.375	0.23809523809523808	0.3333333333333333	0.1875	0.2	0.25213675213675213	0.27717391304347827	0.3269230769230769
rs1051048912	206772041	C	T	0.0	0.0	0.0	0.0	0.0	0.0	0.0	0.0	0.0	0.0	0.0	0.0	0.0	0.0
rs151283261	206772042	G	A	0.0	0.0	0.0	0.0	0.0	0.0	0.0	0.0	0.0	0.0	0.0	0.0	0.0	0.0
rs547815096	206772062	G	T	0.0	0.0	0.0	0.0	0.0	0.0	0.0	0.0	0.0	0.0	0.0	0.0	0.0	0.0
rs1022560735	206772066	C	T	0.0	0.0	0.0	0.0	0.0	0.0	0.0	0.0	0.0	0.0	0.0	0.0	0.0	0.0
rs371225550	206772182	C	T	0.0	0.008620689655172414	0.0	0.006024096385542169	0.0	0.0	0.0	0.0	0.08333333333333333	0.0	0.0	0.0	0.0	0.0
rs530302888	206772263	A	G	0.0	0.0	0.0	0.0	0.0	0.0	0.0	0.0	0.0	0.0	0.0	0.0	0.0	0.0
rs550164520	206772302	C	T	0.0	0.0	0.0	0.0	0.0	0.0	0.0	0.0	0.0	0.0	0.0	0.0	0.0	0.0
rs141219090	206772378	G	A	0.0	0.0	0.009708737864077669	0.0	0.0	0.023809523809523808	0.0	0.0	0.0	0.0	0.0	0.0	0.0	0.009615384615384616
rs139073251	206772380	C	T	0.005319148936170213	0.004310344827586207	0.0	0.0	0.0	0.0	0.0	0.0	0.0	0.0	0.0	0.0	0.0	0.0
rs145922845	206772393	C	T	0.0	0.0	0.0	0.0	0.0	0.0	0.0	0.0	0.0	0.0	0.0	0.0	0.0	0.0
rs140486772	206772430	G	A	0.0	0.0	0.0	0.0	0.0	0.0	0.0	0.0	0.0	0.0	0.0	0.0	0.0	0.0
rs554418772	206772499	C	G	0.005319148936170213	0.0	0.0	0.0	0.0	0.0	0.0	0.0	0.0	0.0	0.0	0.0	0.0	0.0
rs188056661	206772524	A	G	0.0	0.0	0.0	0.0	0.0	0.0	0.0	0.0	0.0	0.0	0.0	0.0	0.0	0.0
rs543315126	206772534	C	T	0.0	0.0	0.0	0.0	0.0	0.0	0.0	0.0	0.0	0.0	0.0	0.0	0.005434782608695652	0.0
rs556572893	206772558	A	G	0.0	0.0	0.0	0.0	0.0	0.0	0.0	0.0	0.0	0.0	0.0	0.0	0.0	0.0
rs1166455062	206772562	C	A	0.0	0.0	0.0	0.0	0.0	0.0	0.0	0.0	0.0	0.0	0.0	0.0	0.0	0.0
rs555793908	206772579	C	T	0.0	0.0	0.0	0.0	0.0	0.0	0.0	0.0	0.0	0.0	0.0	0.0	0.005434782608695652	0.0
rs966454903	206772580	G	A	0.0	0.0	0.0	0.0	0.0	0.0	0.0	0.0	0.0	0.0	0.0	0.0	0.0	0.0
rs148587843	206772588	AT	A	0.0	0.0	0.0	0.0	0.0	0.0	0.0	0.0	0.0	0.0	0.0	0.0	0.0	0.0
rs576408385	206772623	C	G	0.0	0.0	0.0	0.0	0.0	0.0	0.0	0.0	0.0	0.0	0.0	0.0	0.016304347826086956	0.0
rs545539431	206772754	A	G	0.0	0.0	0.0	0.0	0.0	0.0	0.0	0.0	0.0	0.0	0.0	0.0	0.0	0.0
rs559012700	206772768	G	A	0.0	0.0	0.0	0.0	0.0	0.0	0.0	0.0	0.0	0.0	0.0	0.0	0.0	0.0
rs5743625	206772770	G	A	0.0	0.0	0.0	0.0	0.0	0.0	0.0	0.0	0.0	0.0	0.0	0.0	0.0	0.0
.	206772771	G	A	0.0	0.0	0.0	0.0	0.0	0.0	0.0	0.0	0.0	0.0	0.0	0.0	0.0	0.0
rs541633893	206772774	A	G	0.0	0.0	0.0	0.0	0.0	0.0	0.0	0.0	0.0	0.0	0.0	0.0	0.0	0.0
rs995525290	206772790	G	A	0.0	0.0	0.0	0.0	0.0	0.0	0.0	0.0	0.0	0.0	0.0	0.0	0.0	0.0
.	206772804	C	T	0.0	0.0	0.0	0.0	0.0	0.0	0.0	0.0	0.0	0.0	0.0	0.0	0.0	0.0
rs145184128	206772813	C	G	0.0	0.0	0.0	0.0	0.0	0.0	0.0	0.0	0.0	0.0	0.0	0.0	0.0	0.009615384615384616
rs962942737	206772820	G	A	0.0	0.0	0.0	0.0	0.0	0.0	0.0	0.0	0.0	0.0	0.0	0.0	0.0	0.0
rs530459738	206772834	C	G	0.0	0.0	0.0048543689320388345	0.0	0.0	0.0	0.0	0.0	0.0	0.0	0.0	0.0	0.0	0.0
rs1282193572	206772842	C	T	0.0	0.0	0.0	0.0	0.0	0.0	0.0	0.0	0.0	0.0	0.0	0.0	0.0	0.0
rs1572540455	206772874	G	A	0.0	0.0	0.0	0.0	0.0	0.0	0.0	0.0	0.08333333333333333	0.0	0.0	0.0	0.0	0.0
rs3024489	206772899	C	A	0.0425531914893617	0.06465517241379311	0.03398058252427184	0.05421686746987952	0.08333333333333333	0.14285714285714285	0.025	0.047619047619047616	0.08333333333333333	0.125	0.1	0.03418803418803419	0.04891304347826087	0.0673076923076923
.	206772919	A	G	0.0	0.0	0.0	0.0	0.0	0.0	0.0	0.0	0.0	0.0	0.0	0.0	0.0	0.0
rs3024488	206773002	T	C	0.0	0.0	0.009708737864077669	0.0	0.0	0.0	0.0	0.0	0.0	0.0	0.0	0.0	0.0	0.0
rs1454979310	206773009	A	AT	0.0	0.0	0.0	0.0	0.0	0.023809523809523808	0.0	0.0	0.0	0.0	0.0	0.0	0.0	0.0
rs917759130	206773010	A	G	0.0	0.0	0.0	0.0	0.0	0.023809523809523808	0.0	0.0	0.0	0.0	0.0	0.0	0.0	0.0
rs1800872	206773062	T	G	0.6170212765957447	0.5344827586206896	0.5339805825242718	0.5060240963855421	0.75	0.6904761904761905	0.45	0.4523809523809524	0.9166666666666666	0.6875	0.7	0.5341880341880342	0.6086956521739131	0.6346153846153846
rs56299498	206773068	C	T	0.0	0.01293103448275862	0.0	0.0	0.0	0.0	0.025	0.0	0.0	0.0	0.0	0.0	0.010869565217391304	0.0
rs552289053	206773069	G	A	0.0	0.0	0.0	0.0	0.0	0.0	0.0	0.0	0.08333333333333333	0.0	0.0	0.0	0.0	0.0
rs372331832	206773124	G	T	0.0	0.0	0.0	0.0	0.0	0.0	0.0	0.0	0.0	0.0	0.0	0.0	0.0	0.0
rs1800895	206773127	C	T	0.005319148936170213	0.0	0.0	0.0	0.0	0.0	0.0	0.0	0.0	0.0	0.0	0.0	0.0	0.0
rs1800871	206773289	A	G	0.6170212765957447	0.5344827586206896	0.5339805825242718	0.5060240963855421	0.75	0.6904761904761905	0.45	0.4523809523809524	0.9166666666666666	0.6875	0.7	0.5341880341880342	0.6086956521739131	0.6346153846153846
.	206773294	A	G	0.0	0.0	0.0	0.0	0.0	0.0	0.0	0.0	0.0	0.0	0.0	0.0	0.0	0.0
rs1800894	206773321	C	T	0.010638297872340425	0.0	0.0	0.0	0.0	0.0	0.025	0.0	0.0	0.0	0.0	0.0	0.0	0.028846153846153848
.	206773354	C	T	0.0	0.0	0.0	0.0	0.0	0.0	0.0	0.0	0.0	0.0	0.0	0.0	0.0	0.0
.	206773388	T	A	0.0	0.0	0.0	0.0	0.0	0.0	0.0	0.0	0.0	0.0	0.0	0.0	0.0	0.0
rs184553063	206773394	G	T	0.0	0.0	0.0	0.0	0.0	0.0	0.0	0.0	0.0	0.0	0.0	0.0	0.0	0.0
.	206773411	T	C	0.0	0.0	0.0	0.0	0.0	0.0	0.0	0.0	0.0	0.0	0.0	0.0	0.0	0.0
rs556833728	206773430	C	T	0.0	0.0	0.0	0.0	0.0	0.0	0.0	0.0	0.0	0.0	0.0	0.0	0.0	0.0
rs576469379	206773484	G	T	0.0	0.0	0.0	0.0	0.0	0.0	0.0	0.0	0.0	0.0	0.0	0.0	0.0	0.0
rs539054546	206773515	G	T	0.0	0.0	0.0	0.0	0.0	0.0	0.0	0.0	0.0	0.0	0.0	0.0	0.0	0.0
rs552524035	206773538	A	G	0.0	0.0	0.004901960784313725	0.0	0.0	0.0	0.0	0.0	0.0	0.0	0.0	0.0	0.0	0.0
rs1800896	206773552	T	C	0.30319148936170215	0.31896551724137934	0.32524271844660196	0.27710843373493976	0.75	0.42857142857142855	0.4	0.2857142857142857	0.4166666666666667	0.3125	0.3	0.28879310344827586	0.32608695652173914	0.3942307692307692
rs997523526	206773560	G	A	0.0	0.0	0.0	0.0	0.0	0.0	0.0	0.0	0.0	0.0	0.0	0.0	0.0	0.0
rs1283130221	206773584	ATT	A	0.0	0.0	0.0	0.0	0.0	0.0	0.0	0.0	0.0	0.0	0.0	0.0	0.0	0.0
rs71570037	206773586	T	TTGTG	0.047872340425531915	0.09051724137931035	0.07766990291262135	0.11585365853658537	0.05	0.0	0.1	0.125	0.1	0.125	0.15	0.05982905982905983	0.09239130434782608	0.11538461538461539
rs780046311	206773586	T	TTGTGTG	0.06914893617021277	0.0603448275862069	0.038834951456310676	0.08536585365853659	0.0	0.023809523809523808	0.075	0.1	0.0	0.0625	0.0	0.05128205128205128	0.11956521739130435	0.09615384615384616
rs553921764	206773586	TTG	T	0.2925531914893617	0.28448275862068967	0.2766990291262136	0.25609756097560976	0.05	0.38095238095238093	0.275	0.325	0.1	0.1875	0.2	0.2863247863247863	0.22826086956521738	0.25961538461538464
rs755754197	206773586	TTGTG	T	0.047872340425531915	0.04741379310344827	0.02912621359223301	0.042682926829268296	0.0	0.11904761904761904	0.05	0.05	0.3	0.125	0.0	0.017094017094017096	0.05434782608695652	0.04807692307692308
rs376408408	206773586	TTGTGTG	T	0.05851063829787234	0.06896551724137931	0.07766990291262135	0.07926829268292683	0.05	0.07142857142857142	0.0	0.025	0.1	0.125	0.2	0.10256410256410256	0.02717391304347826	0.019230769230769232
rs2234662	206773586	T	TTG	0.0	0.0	0.0	0.0	0.0	0.023809523809523808	0.0	0.0	0.0	0.0	0.0	0.0	0.0	0.0
rs2234662	206773586	T	TTGTGTGTG	0.0	0.0	0.0	0.0	0.0	0.023809523809523808	0.0	0.0	0.0	0.0	0.0	0.0	0.0	0.0
rs2234662	206773586	T	TTGTGTGTGTG	0.0	0.0	0.0	0.0	0.0	0.023809523809523808	0.0	0.0	0.0	0.0	0.0	0.0	0.0	0.0
rs2234662	206773586	T	TTGTGTGTGTGTG	0.0	0.0	0.0	0.0	0.0	0.023809523809523808	0.0	0.0	0.0	0.0	0.0	0.0	0.0	0.0
rs2234662	206773586	T	TTGTGTGTGTGTGTG	0.0	0.0	0.0	0.0	0.0	0.023809523809523808	0.0	0.0	0.0	0.0	0.0	0.0	0.0	0.0
.	206773586	T	TTGTGTGTGTGTGTGTG	0.0	0.0	0.0	0.0	0.0	0.0	0.0	0.0	0.0	0.0	0.0	0.0	0.0	0.0
rs2234662	206773586	TTGTGTGTG	T	0.0	0.0	0.0	0.0	0.0	0.023809523809523808	0.0	0.0	0.0	0.0	0.0	0.0	0.0	0.0
rs2234662	206773586	TTGTGTGTGTG	T	0.0	0.0	0.0	0.0	0.0	0.023809523809523808	0.0	0.0	0.0	0.0	0.0	0.0	0.0	0.0
rs2234662	206773586	TTGTGTGTGTGTG	T	0.0	0.0	0.0	0.0	0.0	0.023809523809523808	0.0	0.0	0.0	0.0	0.0	0.0	0.0	0.0
rs2234662	206773586	TTGTGTGTGTGTGTG	T	0.0	0.0	0.0	0.0	0.0	0.023809523809523808	0.0	0.0	0.0	0.0	0.0	0.0	0.0	0.0
rs2234662	206773586	TTGTGTGTGTGTGTGTGTG	T	0.0	0.0	0.0	0.0	0.0	0.023809523809523808	0.0	0.0	0.0	0.0	0.0	0.0	0.0	0.0
rs2234662	206773586	TTGTGTGTGTGTGTGTGTGTGTGTGTG	T	0.0	0.0	0.0	0.0	0.0	0.023809523809523808	0.0	0.0	0.0	0.0	0.0	0.0	0.0	0.0
rs1491034537	206773589	T	TGTGTGTGC	0.0	0.02631578947368421	0.0	0.015625	0.0	0.0	0.0	0.0	0.0	0.0	0.0	0.0	0.0	0.0
.	206773591	T	TGTGTGC	0.0	0.0	0.0	0.0	0.0	0.0	0.0	0.0	0.0	0.0	0.0	0.0	0.0	0.0
rs1050357656	206773593	T	TGTGA	0.0	0.0	0.0	0.0	0.1875	0.0	0.0	0.0	0.0	0.0	0.1	0.0	0.0	0.0
rs1189743502	206773595	T	TGA	0.0	0.0	0.0	0.0	0.4166666666666667	0.0	0.0	0.0	0.0	0.0	0.0	0.0	0.01098901098901099	0.0
rs1392919138	206773597	T	A	0.0	0.0	0.0	0.0	0.25	0.0	0.0	0.0	0.0	0.0	0.0	0.0	0.0056179775280898875	0.0
.	206773616	G	GTGTGTC	0.0	0.0	0.0	0.0	0.0	0.0	0.0	0.0	0.0	0.0	0.0	0.0	0.0	0.0
rs762881246	206773660	G	A	0.0	0.004310344827586207	0.0	0.0	0.0	0.0	0.0	0.0	0.0	0.0	0.0	0.0	0.0	0.0
rs1009506464	206773679	C	T	0.0	0.0	0.0	0.0	0.0	0.0	0.0	0.0	0.0	0.0	0.0	0.0	0.0	0.0
rs139002227	206773727	G	T	0.0	0.0	0.0	0.0	0.0	0.0	0.0	0.0	0.0	0.0	0.0	0.0	0.0	0.0
rs139002227	206773727	G	A	0.0	0.0	0.0	0.0	0.0	0.0	0.0	0.0	0.0	0.0	0.0	0.0	0.0	0.0
.	206773756	C	T	0.0	0.0	0.0	0.0	0.0	0.0	0.0	0.0	0.0	0.0	0.0	0.0	0.0	0.0
rs541544614	206773759	C	G	0.0	0.0	0.0	0.0	0.0	0.0	0.0	0.0	0.0	0.0	0.0	0.0	0.0	0.0
rs561558373	206773775	A	G	0.0	0.004310344827586207	0.0	0.0	0.0	0.0	0.0	0.0	0.0	0.0	0.0	0.0	0.0	0.0
rs1246674717	206773779	G	A	0.0	0.0	0.0	0.0	0.0	0.0	0.0	0.0	0.0	0.0	0.0	0.004273504273504274	0.0	0.0
rs1258458158	206773786	C	T	0.0	0.0	0.0	0.0	0.0	0.0	0.0	0.0	0.0	0.0	0.0	0.004273504273504274	0.0	0.0
rs1378891104	206773819	A	G	0.0	0.0	0.0	0.0	0.0	0.0	0.0	0.0	0.0	0.0	0.0	0.0	0.0	0.0
rs1800893	206773822	C	T	0.35106382978723405	0.3275862068965517	0.3592233009708738	0.3192771084337349	0.75	0.5714285714285714	0.4	0.2857142857142857	0.5833333333333334	0.375	0.5	0.31196581196581197	0.3858695652173913	0.41346153846153844
rs544171896	206773904	T	A	0.0	0.0	0.0	0.0	0.0	0.0	0.0	0.0	0.0	0.0	0.0	0.0	0.0	0.0
rs535326792	206773932	A	G	0.015957446808510637	0.0	0.0	0.0	0.0	0.0	0.0	0.0	0.08333333333333333	0.0	0.0	0.004273504273504274	0.005434782608695652	0.0
rs1572541100	206773949	C	G	0.0	0.0	0.0	0.0	0.0	0.0	0.0	0.0	0.0	0.0	0.0	0.0	0.0	0.0
rs532804945	206773956	G	A	0.005319148936170213	0.0	0.0	0.0	0.0	0.0	0.0	0.0	0.0	0.0	0.0	0.0	0.0	0.0
rs5743624	206773959	G	A	0.0425531914893617	0.06465517241379311	0.03398058252427184	0.05421686746987952	0.08333333333333333	0.14285714285714285	0.025	0.047619047619047616	0.08333333333333333	0.125	0.1	0.03418803418803419	0.04891304347826087	0.0673076923076923
rs187427424	206773962	T	C	0.0	0.0	0.0	0.0	0.0	0.0	0.0	0.0	0.0	0.0	0.0	0.0	0.0	0.0
rs528618519	206773973	T	C	0.0	0.0	0.0048543689320388345	0.0	0.0	0.0	0.0	0.0	0.0	0.0	0.0	0.0	0.0	0.0
rs1572541142	206774004	G	C	0.0	0.0	0.0	0.0	0.0	0.0	0.0	0.0	0.0	0.0	0.0	0.0	0.0	0.0
rs572132744	206774015	GTTC	G	0.0	0.0	0.019417475728155338	0.0	0.0	0.0	0.0	0.023809523809523808	0.0	0.0	0.0	0.0	0.0	0.019230769230769232
.	206774023	C	T	0.0	0.0	0.0	0.0	0.0	0.0	0.0	0.0	0.0	0.0	0.0	0.0	0.0	0.0
rs76176414	206774028	C	G	0.0	0.0	0.0	0.0	0.0	0.0	0.0	0.0	0.0	0.0	0.0	0.0	0.0	0.0
.	206774039	A	G	0.0	0.0	0.0	0.0	0.0	0.0	0.0	0.0	0.0	0.0	0.0	0.0	0.0	0.0
rs568291432	206774040	T	C	0.0	0.0	0.0	0.0	0.0	0.0	0.0	0.0	0.0	0.0	0.0	0.0	0.0	0.0
rs192741243	206774082	A	G	0.0	0.004310344827586207	0.0	0.0	0.0	0.0	0.0	0.0	0.0	0.0	0.0	0.008547008547008548	0.0	0.0
rs550319377	206774153	G	A	0.0	0.0	0.0	0.0	0.0	0.0	0.0	0.0	0.0	0.0	0.0	0.0	0.0	0.0
rs965905013	206774162	G	A	0.0	0.0	0.0	0.0	0.0	0.0	0.0	0.0	0.0	0.0	0.0	0.0	0.0	0.0
rs570435576	206774170	C	T	0.0	0.0	0.0	0.0	0.0	0.0	0.0	0.0	0.0	0.0	0.0	0.0	0.0	0.0
rs572156795	206774223	G	A	0.0	0.0	0.0	0.0	0.0	0.0	0.0	0.0	0.0	0.0	0.0	0.0	0.0	0.0
rs5743623	206774226	G	T	0.026595744680851064	0.004310344827586207	0.024271844660194174	0.04819277108433735	0.0	0.023809523809523808	0.0	0.0	0.0	0.0	0.0	0.017094017094017096	0.016304347826086956	0.028846153846153848
rs552584907	206774268	T	C	0.0	0.0	0.0	0.0	0.0	0.0	0.0	0.0	0.0	0.0	0.0	0.0	0.0	0.0
rs899062583	206774306	G	T	0.0	0.0	0.0	0.0	0.0	0.0	0.0	0.0	0.0	0.0	0.0	0.0	0.0	0.0
rs185031444	206774318	C	T	0.0	0.0	0.0	0.0	0.0	0.0	0.0	0.0	0.0	0.0	0.0	0.0	0.0	0.0
rs535586158	206774390	G	A	0.0	0.0	0.0	0.0	0.0	0.0	0.0	0.0	0.0	0.0	0.0	0.0	0.0	0.0
rs545869992	206774407	A	G	0.0	0.0	0.0	0.0	0.0	0.0	0.0	0.0	0.08333333333333333	0.0	0.0	0.0	0.0	0.0
rs555162172	206774428	A	C	0.0	0.0	0.0	0.0	0.0	0.0	0.0	0.0	0.0	0.0	0.0	0.0	0.0	0.0
rs115071118	206774446	C	T	0.0	0.0	0.0	0.0	0.0	0.0	0.0	0.0	0.0	0.0	0.0	0.0	0.0	0.0
rs189471282	206774485	C	T	0.0	0.0	0.0	0.0	0.0	0.0	0.0	0.0	0.0	0.0	0.0	0.0	0.0	0.0
rs563841118	206774494	C	A	0.0	0.0	0.0	0.0	0.0	0.0	0.0	0.0	0.0	0.0	0.0	0.0	0.0	0.0
rs1800892	206774495	C	T	0.0	0.0	0.0	0.0	0.0	0.0	0.0	0.0	0.0	0.0	0.0	0.0	0.0	0.0
rs546502999	206774507	C	A	0.0	0.0	0.0	0.0	0.0	0.0	0.0	0.0	0.0	0.0	0.0	0.0	0.0	0.0
rs559722884	206774538	C	A	0.0	0.0	0.0	0.0	0.0	0.0	0.0	0.0	0.0	0.0	0.0	0.0	0.0	0.0
rs145782864	206774544	G	T	0.0	0.0	0.0	0.0	0.0	0.0	0.0	0.0	0.0	0.0	0.0	0.0	0.0	0.0
rs542349113	206774545	C	T	0.0	0.0	0.0	0.0	0.0	0.0	0.0	0.0	0.0	0.0	0.0	0.0	0.0	0.0
.	206774636	G	A	0.0	0.0	0.0	0.0	0.0	0.0	0.0	0.0	0.0	0.0	0.0	0.0	0.0	0.0
